anio,posicion,nombre,url
2004,Tiësto,1,/top100djs/2004/1/Tiësto
2004,Paul van Dyk,2,/top100djs/2004/2/Paul-van-Dyk
2004,Armin Van Buuren,3,/top100djs/2004/3/Armin-Van-Buuren
2004,Sasha,4,/top100djs/2004/4/Sasha
2004,Ferry Corsten,5,/top100djs/2004/5/Ferry-Corsten
2004,Hernan Cattaneo,6,/top100djs/2004/6/Hernan-Cattaneo
2004,Christopher Lawrence,7,/top100djs/2004/7/Christopher-Lawrence
2004,John Digweed,8,/top100djs/2004/8/John-Digweed
2004,Paul Oakenfold,9,/top100djs/2004/9/Paul-Oakenfold
2004,Deep Dish,10,/top100djs/2004/10/Deep-Dish
2004,Carl Cox,11,/top100djs/2004/11/Carl-Cox
2004,Sander Kleinenberg,12,/top100djs/2004/12/Sander-Kleinenberg
2004,ATB,13,/top100djs/2004/13/ATB
2004,Judge Jules,14,/top100djs/2004/14/Judge-Jules
2004,James Zabiela,15,/top100djs/2004/15/James-Zabiela
2004,Marco V,16,/top100djs/2004/16/Marco-V
2004,Roger Sanchez,17,/top100djs/2004/17/Roger-Sanchez
2004,Benny Benassi,18,/top100djs/2004/18/Benny-Benassi
2004,Tall Paul,19,/top100djs/2004/19/Tall-Paul
2004,Danny Howells,20,/top100djs/2004/20/Danny-Howells
2004,Steve Lawler,21,/top100djs/2004/21/Steve-Lawler
2004,Erick Morillo,22,/top100djs/2004/22/Erick-Morillo
2004,Chris Liebing,23,/top100djs/2004/23/Chris-Liebing
2004,DJ Dan,24,/top100djs/2004/24/DJ-Dan
2004,Eddie Halliwell,25,/top100djs/2004/25/Eddie-Halliwell
2004,Andy C,26,/top100djs/2004/26/Andy-C
2004,Mauro Picotto,27,/top100djs/2004/27/Mauro-Picotto
2004,Johan Gielen,28,/top100djs/2004/28/Johan-Gielen
2004,Lady Dana,29,/top100djs/2004/29/Lady-Dana
2004,Lisa Lashes,30,/top100djs/2004/30/Lisa-Lashes
2004,Adam Freeland,31,/top100djs/2004/31/Adam-Freeland
2004,Markus Schulz,32,/top100djs/2004/32/Markus-Schulz
2004,Yoji Biomehanika,33,/top100djs/2004/33/Yoji-Biomehanika
2004,Sven Väth,34,/top100djs/2004/34/Sven-Väth
2004,Bad Boy Bill,35,/top100djs/2004/35/Bad-Boy-Bill
2004,James Holden,36,/top100djs/2004/36/James-Holden
2004,Dave Clarke,37,/top100djs/2004/37/Dave-Clarke
2004,Blank & Jones,38,/top100djs/2004/38/Blank--Jones
2004,Above & Beyond,39,/top100djs/2004/39/Above--Beyond
2004,Danny Tenaglia,40,/top100djs/2004/40/Danny-Tenaglia
2004,Gabriel & Dresden,41,/top100djs/2004/41/Gabriel--Dresden
2004,TBC,42,/top100djs/2004/42/TBC
2004,Nick Warren,43,/top100djs/2004/43/Nick-Warren
2004,Richie Hawtin,44,/top100djs/2004/44/Richie-Hawtin
2004,Laurent Garnier,45,/top100djs/2004/45/Laurent-Garnier
2004,Pete Tong,46,/top100djs/2004/46/Pete-Tong
2004,Jeff Mills,47,/top100djs/2004/47/Jeff-Mills
2004,Satoshi Tomiie,48,/top100djs/2004/48/Satoshi-Tomiie
2004,Misstress Barbara,49,/top100djs/2004/49/Misstress-Barbara
2004,Adam Beyer,50,/top100djs/2004/50/Adam-Beyer
2004,Fatboy Slim,51,/top100djs/2004/51/Fatboy-Slim
2004,John '00' Fleming,52,/top100djs/2004/52/John-00-Fleming
2004,Plump DJ's,53,/top100djs/2004/53/Plump-DJs
2004,David Morales,54,/top100djs/2004/54/David-Morales
2004,Umek,55,/top100djs/2004/55/Umek
2004,Lee Burridge,56,/top100djs/2004/56/Lee-Burridge
2004,Dave Seaman,57,/top100djs/2004/57/Dave-Seaman
2004,Fergie,58,/top100djs/2004/58/Fergie
2004,Matt Hardwick,59,/top100djs/2004/59/Matt-Hardwick
2004,Slacker,60,/top100djs/2004/60/Slacker
2004,DJ Luna,61,/top100djs/2004/61/DJ-Luna
2004,M.I.K.E,62,/top100djs/2004/62/M.I.K.E
2004,DJ Rush,63,/top100djs/2004/63/DJ-Rush
2004,Max Graham,64,/top100djs/2004/64/Max-Graham
2005,Paul van Dyk,1,/top100djs/2005/1/Paul-van-Dyk
2005,Tiësto,2,/top100djs/2005/2/Tiësto
2005,Armin Van Buuren,3,/top100djs/2005/3/Armin-Van-Buuren
2005,Sasha,4,/top100djs/2005/4/Sasha
2005,Ferry Corsten,5,/top100djs/2005/5/Ferry-Corsten
2005,John Digweed,6,/top100djs/2005/6/John-Digweed
2005,Hernan Cattaneo,7,/top100djs/2005/7/Hernan-Cattaneo
2005,Deep Dish,8,/top100djs/2005/8/Deep-Dish
2005,ATB,9,/top100djs/2005/9/ATB
2005,Carl Cox,10,/top100djs/2005/10/Carl-Cox
2005,Paul Oakenfold,11,/top100djs/2005/11/Paul-Oakenfold
2005,Richie Hawtin,12,/top100djs/2005/12/Richie-Hawtin
2005,James Zabiela,13,/top100djs/2005/13/James-Zabiela
2005,Christopher Lawrence,14,/top100djs/2005/14/Christopher-Lawrence
2005,Judge Jules,15,/top100djs/2005/15/Judge-Jules
2005,Marco V,16,/top100djs/2005/16/Marco-V
2005,Eddie Halliwell,17,/top100djs/2005/17/Eddie-Halliwell
2005,Erick Morillo,18,/top100djs/2005/18/Erick-Morillo
2005,Above & Beyond,19,/top100djs/2005/19/Above--Beyond
2005,Sander Kleinenberg,20,/top100djs/2005/20/Sander-Kleinenberg
2005,Markus Schulz,21,/top100djs/2005/21/Markus-Schulz
2005,Benny Benassi,22,/top100djs/2005/22/Benny-Benassi
2005,Sven Väth,23,/top100djs/2005/23/Sven-Väth
2005,DJ Dan,24,/top100djs/2005/24/DJ-Dan
2005,Danny Howells,25,/top100djs/2005/25/Danny-Howells
2005,Infected Mushroom,26,/top100djs/2005/26/Infected-Mushroom
2005,Roger Sanchez,27,/top100djs/2005/27/Roger-Sanchez
2005,Mauro Picotto,28,/top100djs/2005/28/Mauro-Picotto
2005,Gabriel & Dresden,29,/top100djs/2005/29/Gabriel--Dresden
2005,Steve Lawler,30,/top100djs/2005/30/Steve-Lawler
2005,Blank & Jones,31,/top100djs/2005/31/Blank--Jones
2005,Yoji Biomehanika,32,/top100djs/2005/32/Yoji-Biomehanika
2005,Chris Liebing,33,/top100djs/2005/33/Chris-Liebing
2005,Danny Tenaglia,34,/top100djs/2005/34/Danny-Tenaglia
2005,Nick Warren,35,/top100djs/2005/35/Nick-Warren
2005,Dave Clarke,36,/top100djs/2005/36/Dave-Clarke
2005,James Holden,37,/top100djs/2005/37/James-Holden
2005,Mario Piu,38,/top100djs/2005/38/Mario-Piu
2005,David Guetta,39,/top100djs/2005/39/David-Guetta
2005,DJ Vibe,40,/top100djs/2005/40/DJ-Vibe
2005,Kai Tracid,41,/top100djs/2005/41/Kai-Tracid
2005,Bad Boy Bill,42,/top100djs/2005/42/Bad-Boy-Bill
2005,Tall Paul,43,/top100djs/2005/43/Tall-Paul
2005,Tiga,44,/top100djs/2005/44/Tiga
2005,DJ Yahel,45,/top100djs/2005/45/DJ-Yahel
2005,Andy Moor,46,/top100djs/2005/46/Andy-Moor
2005,Ricardo Villalobos,47,/top100djs/2005/47/Ricardo-Villalobos
2005,Ricky Stone,48,/top100djs/2005/48/Ricky-Stone
2005,Pete Tong,49,/top100djs/2005/49/Pete-Tong
2005,Martin Garcia,50,/top100djs/2005/50/Martin-Garcia
2005,Frank T.R.A.X,51,/top100djs/2005/51/Frank-T.R.A.X
2005,Timo Maas,52,/top100djs/2005/52/Timo-Maas
2005,Laurent Garnier,53,/top100djs/2005/53/Laurent-Garnier
2005,Desyn Masiello,54,/top100djs/2005/54/Desyn-Masiello
2005,Victor Calderone,55,/top100djs/2005/55/Victor-Calderone
2005,Lisa Lashes,56,/top100djs/2005/56/Lisa-Lashes
2005,Johan Gielen,57,/top100djs/2005/57/Johan-Gielen
2005,Matt Hardwick,58,/top100djs/2005/58/Matt-Hardwick
2005,Misstress Barbara,59,/top100djs/2005/59/Misstress-Barbara
2005,Fergie,60,/top100djs/2005/60/Fergie
2005,Armand Van Helden,61,/top100djs/2005/61/Armand-Van-Helden
2005,Michel De Hey,62,/top100djs/2005/62/Michel-De-Hey
2005,Fatboy Slim,63,/top100djs/2005/63/Fatboy-Slim
2005,Jeff Mills,64,/top100djs/2005/64/Jeff-Mills
2005,DJ Rush,65,/top100djs/2005/65/DJ-Rush
2005,The Flash Brothers,66,/top100djs/2005/66/The-Flash-Brothers
2005,Adam Beyer,67,/top100djs/2005/67/Adam-Beyer
2005,Adam Beyer,67,/top100djs/2005/67/Adam-Beyer
2005,Donald Glaude,68,/top100djs/2005/68/Donald-Glaude
2005,Dave Seaman,69,/top100djs/2005/69/Dave-Seaman
2005,Andy C,70,/top100djs/2005/70/Andy-C
2005,Chus & Ceballos,71,/top100djs/2005/71/Chus--Ceballos
2005,John '00' Fleming,72,/top100djs/2005/72/John-00-Fleming
2005,Satoshi Tomiie,73,/top100djs/2005/73/Satoshi-Tomiie
2005,DJ Tatana,74,/top100djs/2005/74/DJ-Tatana
2005,Astrix,75,/top100djs/2005/75/Astrix
2005,Lee Burridge,76,/top100djs/2005/76/Lee-Burridge
2005,M.I.K.E,77,/top100djs/2005/77/M.I.K.E
2005,Lady Dana,78,/top100djs/2005/78/Lady-Dana
2005,Umek,79,/top100djs/2005/79/Umek
2005,Nic Fanciulli,80,/top100djs/2005/80/Nic-Fanciulli
2005,Rank 1,81,/top100djs/2005/81/Rank-1
2005,BT,82,/top100djs/2005/82/BT
2005,Anne Savage,83,/top100djs/2005/83/Anne-Savage
2005,Plump DJ's,85,/top100djs/2005/85/Plump-DJs
2005,Miss Kitten,86,/top100djs/2005/86/Miss-Kitten
2005,Felix Da Housecat,87,/top100djs/2005/87/Felix-Da-Housecat
2005,Christian Cambas,88,/top100djs/2005/88/Christian-Cambas
2005,Scot Project,89,/top100djs/2005/89/Scot-Project
2005,Cosmic Gate,90,/top100djs/2005/90/Cosmic-Gate
2005,Matt Darey,91,/top100djs/2005/91/Matt-Darey
2005,DJ Sammy,92,/top100djs/2005/92/DJ-Sammy
2005,Proteus,93,/top100djs/2005/93/Proteus
2005,DJ Luna,94,/top100djs/2005/94/DJ-Luna
2005,Moshic,95,/top100djs/2005/95/Moshic
2005,Max Graham,96,/top100djs/2005/96/Max-Graham
2005,DJ Amadeus,97,/top100djs/2005/97/DJ-Amadeus
2005,Gigi D'Agostino,98,/top100djs/2005/98/Gigi-DAgostino
2005,Marco Bailey,99,/top100djs/2005/99/Marco-Bailey
2005,Magda,100,/top100djs/2005/100/Magda
2006,Paul van Dyk,1,/top100djs/2006/1/Paul-van-Dyk
2006,Armin Van Buuren,2,/top100djs/2006/2/Armin-Van-Buuren
2006,Tiësto,3,/top100djs/2006/3/Tiësto
2006,Christopher Lawrence,4,/top100djs/2006/4/Christopher-Lawrence
2006,DJ Dan,5,/top100djs/2006/5/DJ-Dan
2006,Ferry Corsten,6,/top100djs/2006/6/Ferry-Corsten
2006,Sasha,7,/top100djs/2006/7/Sasha
2006,John Digweed,8,/top100djs/2006/8/John-Digweed
2006,Above & Beyond,9,/top100djs/2006/9/Above--Beyond
2006,Deep Dish,10,/top100djs/2006/10/Deep-Dish
2006,Carl Cox,11,/top100djs/2006/11/Carl-Cox
2006,Infected Mushroom,12,/top100djs/2006/12/Infected-Mushroom
2006,ATB,13,/top100djs/2006/13/ATB
2006,Paul Oakenfold,14,/top100djs/2006/14/Paul-Oakenfold
2006,Hernan Cattaneo,15,/top100djs/2006/15/Hernan-Cattaneo
2006,Judge Jules,16,/top100djs/2006/16/Judge-Jules
2006,Eddie Halliwell,17,/top100djs/2006/17/Eddie-Halliwell
2006,Marco V,18,/top100djs/2006/18/Marco-V
2006,Markus Schulz,19,/top100djs/2006/19/Markus-Schulz
2006,Gabriel & Dresden,20,/top100djs/2006/20/Gabriel--Dresden
2006,James Zabiela,21,/top100djs/2006/21/James-Zabiela
2006,John Acquaviva,22,/top100djs/2006/22/John-Acquaviva
2006,Flash Brothers,23,/top100djs/2006/23/Flash-Brothers
2006,DJ Amadeus,24,/top100djs/2006/24/DJ-Amadeus
2006,Erick Morillo,25,/top100djs/2006/25/Erick-Morillo
2006,Benny Benassi,26,/top100djs/2006/26/Benny-Benassi
2006,Sander Kleinenberg,27,/top100djs/2006/27/Sander-Kleinenberg
2006,DJ Yahel,28,/top100djs/2006/28/DJ-Yahel
2006,Offer Nissim,29,/top100djs/2006/29/Offer-Nissim
2006,Andy Moor,30,/top100djs/2006/30/Andy-Moor
2006,David Guetta,31,/top100djs/2006/31/David-Guetta
2006,Sander Van Doorn,32,/top100djs/2006/32/Sander-Van-Doorn
2006,Richie Hawtin,33,/top100djs/2006/33/Richie-Hawtin
2006,Gareth Emery,34,/top100djs/2006/34/Gareth-Emery
2006,Phil Kieran,35,/top100djs/2006/35/Phil-Kieran
2006,Nick Warren,36,/top100djs/2006/36/Nick-Warren
2006,DJ Skazi,37,/top100djs/2006/37/DJ-Skazi
2006,Steve Lawler,38,/top100djs/2006/38/Steve-Lawler
2006,D-Formation,39,/top100djs/2006/39/D-Formation
2006,Ricky Stone,40,/top100djs/2006/40/Ricky-Stone
2006,Astrix,41,/top100djs/2006/41/Astrix
2006,Roger Sanchez,42,/top100djs/2006/42/Roger-Sanchez
2006,Bad Boy Bill,43,/top100djs/2006/43/Bad-Boy-Bill
2006,Sven Väth,44,/top100djs/2006/44/Sven-Väth
2006,The Thrillseekers,45,/top100djs/2006/45/The-Thrillseekers
2006,Donald Glaude,46,/top100djs/2006/46/Donald-Glaude
2006,DJ Vibe,47,/top100djs/2006/47/DJ-Vibe
2006,Kyau & Albert,48,/top100djs/2006/48/Kyau--Albert
2006,Chris Liebing,49,/top100djs/2006/49/Chris-Liebing
2006,Tiga,50,/top100djs/2006/50/Tiga
2006,Matt Darey,51,/top100djs/2006/51/Matt-Darey
2006,Bob Sinclair,52,/top100djs/2006/52/Bob-Sinclair
2006,James Holden,53,/top100djs/2006/53/James-Holden
2006,Lange,54,/top100djs/2006/54/Lange
2006,Wrecked Machines,55,/top100djs/2006/55/Wrecked-Machines
2006,Dion Mavath,56,/top100djs/2006/56/Dion-Mavath
2006,Pete Tong,57,/top100djs/2006/57/Pete-Tong
2006,Danny Tenaglia,58,/top100djs/2006/58/Danny-Tenaglia
2006,George Acosta,59,/top100djs/2006/59/George-Acosta
2006,Blank & Jones,60,/top100djs/2006/60/Blank--Jones
2006,DJ Sammy,61,/top100djs/2006/61/DJ-Sammy
2006,Joachim Garraud,62,/top100djs/2006/62/Joachim-Garraud
2006,Timo Maas,63,/top100djs/2006/63/Timo-Maas
2006,Matt Hardwick,64,/top100djs/2006/64/Matt-Hardwick
2006,Frank T.R.A.X,65,/top100djs/2006/65/Frank-T.R.A.X
2006,Steve Angello,66,/top100djs/2006/66/Steve-Angello
2006,Danny Howells,67,/top100djs/2006/67/Danny-Howells
2006,Simon Posford,68,/top100djs/2006/68/Simon-Posford
2006,John Graham,69,/top100djs/2006/69/John-Graham
2006,Desyn Masiello,70,/top100djs/2006/70/Desyn-Masiello
2006,Mauro Picotto,71,/top100djs/2006/71/Mauro-Picotto
2006,Menno De Jong,72,/top100djs/2006/72/Menno-De-Jong
2006,BT,73,/top100djs/2006/73/BT
2006,Scott K,74,/top100djs/2006/74/Scott-K
2006,Tall Paul,75,/top100djs/2006/75/Tall-Paul
2006,M.I.K.E,76,/top100djs/2006/76/M.I.K.E
2006,Filo & Peri,77,/top100djs/2006/77/Filo--Peri
2006,DJ Tarkan,78,/top100djs/2006/78/DJ-Tarkan
2006,Anderson Noise,79,/top100djs/2006/79/Anderson-Noise
2006,Fatboy Slim,80,/top100djs/2006/80/Fatboy-Slim
2006,Serge Devant,81,/top100djs/2006/81/Serge-Devant
2006,Umek,82,/top100djs/2006/82/Umek
2006,Victor Calderone,83,/top100djs/2006/83/Victor-Calderone
2006,Darude,84,/top100djs/2006/84/Darude
2006,Fergie,85,/top100djs/2006/85/Fergie
2006,Tallah 2XLC,86,/top100djs/2006/86/Tallah-2XLC
2006,Ronski Speed,87,/top100djs/2006/87/Ronski-Speed
2006,Lee Burridge,88,/top100djs/2006/88/Lee-Burridge
2006,Mario Piu,89,/top100djs/2006/89/Mario-Piu
2006,Axel Karakasis,90,/top100djs/2006/90/Axel-Karakasis
2006,Steve Porter,91,/top100djs/2006/91/Steve-Porter
2006,Yoji Biomehanika,92,/top100djs/2006/92/Yoji-Biomehanika
2006,Axwell,93,/top100djs/2006/93/Axwell
2006,Stanton Warriors,94,/top100djs/2006/94/Stanton-Warriors
2006,Dave Seaman,95,/top100djs/2006/95/Dave-Seaman
2006,Robbie Rivera,96,/top100djs/2006/96/Robbie-Rivera
2006,Andy C,97,/top100djs/2006/97/Andy-C
2006,Agnelli & Nelson,98,/top100djs/2006/98/Agnelli--Nelson
2006,Lisa Lashes,99,/top100djs/2006/99/Lisa-Lashes
2006,Dave Clarke,100,/top100djs/2006/100/Dave-Clarke
2007,Armin Van Buuren,1,/top100djs/2007/1/Armin-Van-Buuren
2007,Tiësto,2,/top100djs/2007/2/Tiësto
2007,John Digweed,3,/top100djs/2007/3/John-Digweed
2007,Paul van Dyk,4,/top100djs/2007/4/Paul-van-Dyk
2007,Sasha,5,/top100djs/2007/5/Sasha
2007,Above & Beyond,6,/top100djs/2007/6/Above--Beyond
2007,Carl Cox,7,/top100djs/2007/7/Carl-Cox
2007,Ferry Corsten,8,/top100djs/2007/8/Ferry-Corsten
2007,Infected Mushroom,9,/top100djs/2007/9/Infected-Mushroom
2007,David Guetta,10,/top100djs/2007/10/David-Guetta
2007,Deep Dish,11,/top100djs/2007/11/Deep-Dish
2007,Paul Oakenfold,12,/top100djs/2007/12/Paul-Oakenfold
2007,Markus Schulz,13,/top100djs/2007/13/Markus-Schulz
2007,Hernan Cattaneo,14,/top100djs/2007/14/Hernan-Cattaneo
2007,Sander Van Doorn,15,/top100djs/2007/15/Sander-Van-Doorn
2007,Eddie Halliwell,16,/top100djs/2007/16/Eddie-Halliwell
2007,James Zabiela,17,/top100djs/2007/17/James-Zabiela
2007,Astrix,18,/top100djs/2007/18/Astrix
2007,Richie Hawtin,19,/top100djs/2007/19/Richie-Hawtin
2007,Marco V,20,/top100djs/2007/20/Marco-V
2007,Judge Jules,21,/top100djs/2007/21/Judge-Jules
2007,Fedde Le Grand,22,/top100djs/2007/22/Fedde-Le-Grand
2007,Gabriel & Dresden,23,/top100djs/2007/23/Gabriel--Dresden
2007,Erick Morillo,24,/top100djs/2007/24/Erick-Morillo
2007,Roger Sanchez,25,/top100djs/2007/25/Roger-Sanchez
2007,ATB,26,/top100djs/2007/26/ATB
2007,Sven Väth,27,/top100djs/2007/27/Sven-Väth
2007,Yahel,28,/top100djs/2007/28/Yahel
2007,Umek,29,/top100djs/2007/29/Umek
2007,Andy Moor,30,/top100djs/2007/30/Andy-Moor
2007,Gareth Emery,31,/top100djs/2007/31/Gareth-Emery
2007,Benny Benassi,32,/top100djs/2007/32/Benny-Benassi
2007,Axwell,33,/top100djs/2007/33/Axwell
2007,Mauro Picotto,34,/top100djs/2007/34/Mauro-Picotto
2007,Sander Kleinenberg,35,/top100djs/2007/35/Sander-Kleinenberg
2007,Eric Prydz,36,/top100djs/2007/36/Eric-Prydz
2007,Blank & Jones,37,/top100djs/2007/37/Blank--Jones
2007,Bad Boy Bill,38,/top100djs/2007/38/Bad-Boy-Bill
2007,Pete Tong,39,/top100djs/2007/39/Pete-Tong
2007,DJ Vibe,40,/top100djs/2007/40/DJ-Vibe
2007,Tiga,41,/top100djs/2007/41/Tiga
2007,Steve Lawler,42,/top100djs/2007/42/Steve-Lawler
2007,Danny Tenaglia,43,/top100djs/2007/43/Danny-Tenaglia
2007,Ronski Speed,44,/top100djs/2007/44/Ronski-Speed
2007,Nic Fanciulli,45,/top100djs/2007/45/Nic-Fanciulli
2007,Steve Angello,46,/top100djs/2007/46/Steve-Angello
2007,Nick Warren,47,/top100djs/2007/47/Nick-Warren
2007,Matt Hardwick,48,/top100djs/2007/48/Matt-Hardwick
2007,Ricardo Villalobos,49,/top100djs/2007/49/Ricardo-Villalobos
2007,James Holden,50,/top100djs/2007/50/James-Holden
2007,Mark Knight,51,/top100djs/2007/51/Mark-Knight
2007,Marco Bailey,53,/top100djs/2007/53/Marco-Bailey
2007,Anderson Noise,54,/top100djs/2007/54/Anderson-Noise
2007,Lange,55,/top100djs/2007/55/Lange
2007,Offer Nissim,56,/top100djs/2007/56/Offer-Nissim
2007,Kyau & Albert,57,/top100djs/2007/57/Kyau--Albert
2007,Justice,58,/top100djs/2007/58/Justice
2007,Timo Maas,60,/top100djs/2007/60/Timo-Maas
2007,Danny Howells,61,/top100djs/2007/61/Danny-Howells
2007,Menno De Jong,62,/top100djs/2007/62/Menno-De-Jong
2007,Bob Sinclair,63,/top100djs/2007/63/Bob-Sinclair
2007,John Acquaviva,64,/top100djs/2007/64/John-Acquaviva
2007,Agnelli & Nelson,65,/top100djs/2007/65/Agnelli--Nelson
2007,Fatboy Slim,66,/top100djs/2007/66/Fatboy-Slim
2007,Andy C,67,/top100djs/2007/67/Andy-C
2007,Ricky Stone,68,/top100djs/2007/68/Ricky-Stone
2007,Donald Glaude,69,/top100djs/2007/69/Donald-Glaude
2007,Desyn Masiello,70,/top100djs/2007/70/Desyn-Masiello
2007,Daft Punk,71,/top100djs/2007/71/Daft-Punk
2007,Martin Solveig,72,/top100djs/2007/72/Martin-Solveig
2007,BT,73,/top100djs/2007/73/BT
2007,Chris Liebing,74,/top100djs/2007/74/Chris-Liebing
2007,Valentino Kanzyani,75,/top100djs/2007/75/Valentino-Kanzyani
2007,Trentemøller,76,/top100djs/2007/76/Trentemøller
2007,Jeff Mills,77,/top100djs/2007/77/Jeff-Mills
2007,John Graham,78,/top100djs/2007/78/John-Graham
2007,Robbie Rivera,79,/top100djs/2007/79/Robbie-Rivera
2007,The Chemical Brothers,80,/top100djs/2007/80/The-Chemical-Brothers
2007,Luciano,81,/top100djs/2007/81/Luciano
2007,Hype,82,/top100djs/2007/82/Hype
2007,Lisa Lashes,83,/top100djs/2007/83/Lisa-Lashes
2007,Filo & Peri,84,/top100djs/2007/84/Filo--Peri
2007,Lee Burridge,85,/top100djs/2007/85/Lee-Burridge
2007,Armand Van Helden,86,/top100djs/2007/86/Armand-Van-Helden
2007,Magda,87,/top100djs/2007/87/Magda
2007,Dave Seaman,88,/top100djs/2007/88/Dave-Seaman
2007,Victor Calderone,89,/top100djs/2007/89/Victor-Calderone
2007,Dave Clarke,90,/top100djs/2007/90/Dave-Clarke
2007,Richard Durand,91,/top100djs/2007/91/Richard-Durand
2007,Westbam,92,/top100djs/2007/92/Westbam
2007,Sébastien Léger,93,/top100djs/2007/93/Sébastien-Léger
2007,Chus & Ceballos,94,/top100djs/2007/94/Chus--Ceballos
2007,Wally Lopez,95,/top100djs/2007/95/Wally-Lopez
2007,Adam Beyer,97,/top100djs/2007/97/Adam-Beyer
2007,Erol Alkan,99,/top100djs/2007/99/Erol-Alkan
2007,Laurent Garnier,100,/top100djs/2007/100/Laurent-Garnier
2008,Armin Van Buuren,1,/top100djs/2008/1/Armin-Van-Buuren
2008,Tiësto,2,/top100djs/2008/2/Tiësto
2008,Paul van Dyk,3,/top100djs/2008/3/Paul-van-Dyk
2008,Above & Beyond,4,/top100djs/2008/4/Above--Beyond
2008,David Guetta,5,/top100djs/2008/5/David-Guetta
2008,Ferry Corsten,6,/top100djs/2008/6/Ferry-Corsten
2008,Sasha,7,/top100djs/2008/7/Sasha
2008,Markus Schulz,8,/top100djs/2008/8/Markus-Schulz
2008,John Digweed,9,/top100djs/2008/9/John-Digweed
2008,Infected Mushroom,10,/top100djs/2008/10/Infected-Mushroom
2008,Deadmau5,11,/top100djs/2008/11/Deadmau5
2008,Carl Cox,12,/top100djs/2008/12/Carl-Cox
2008,Sander Van Doorn,13,/top100djs/2008/13/Sander-Van-Doorn
2008,Paul Oakenfold,14,/top100djs/2008/14/Paul-Oakenfold
2008,Richie Hawtin,15,/top100djs/2008/15/Richie-Hawtin
2008,Hernan Cattaneo,16,/top100djs/2008/16/Hernan-Cattaneo
2008,James Zabiela,17,/top100djs/2008/17/James-Zabiela
2008,Andy Moor,18,/top100djs/2008/18/Andy-Moor
2008,Eddie Halliwell,19,/top100djs/2008/19/Eddie-Halliwell
2008,Axwell,20,/top100djs/2008/20/Axwell
2008,Eric Prydz,21,/top100djs/2008/21/Eric-Prydz
2008,Kyau & Albert,22,/top100djs/2008/22/Kyau--Albert
2008,Gareth Emery,23,/top100djs/2008/23/Gareth-Emery
2008,Sven Väth,24,/top100djs/2008/24/Sven-Väth
2008,ATB,25,/top100djs/2008/25/ATB
2008,Anderson Noise,26,/top100djs/2008/26/Anderson-Noise
2008,Joachim Garraud,27,/top100djs/2008/27/Joachim-Garraud
2008,Bobina,28,/top100djs/2008/28/Bobina
2008,Fedde Le Grand,29,/top100djs/2008/29/Fedde-Le-Grand
2008,Dubfire,30,/top100djs/2008/30/Dubfire
2008,Aly & Fila,31,/top100djs/2008/31/Aly--Fila
2008,Judge Jules,32,/top100djs/2008/32/Judge-Jules
2008,Umek,33,/top100djs/2008/33/Umek
2008,Matt Darey,34,/top100djs/2008/34/Matt-Darey
2008,Ricky Stone,35,/top100djs/2008/35/Ricky-Stone
2008,Ricardo Villalobos,36,/top100djs/2008/36/Ricardo-Villalobos
2008,Lange,37,/top100djs/2008/37/Lange
2008,Daft Punk,38,/top100djs/2008/38/Daft-Punk
2008,Benny Benassi,39,/top100djs/2008/39/Benny-Benassi
2008,Bob Sinclair,40,/top100djs/2008/40/Bob-Sinclair
2008,Deep Dish,41,/top100djs/2008/41/Deep-Dish
2008,Mark Knight,42,/top100djs/2008/42/Mark-Knight
2008,Astrix,43,/top100djs/2008/43/Astrix
2008,Marco V,44,/top100djs/2008/44/Marco-V
2008,The Thrillseekers,45,/top100djs/2008/45/The-Thrillseekers
2008,Laidback Luke,46,/top100djs/2008/46/Laidback-Luke
2008,Danny Tenaglia,47,/top100djs/2008/47/Danny-Tenaglia
2008,Menno De Jong,48,/top100djs/2008/48/Menno-De-Jong
2008,Marco Lenzi,49,/top100djs/2008/49/Marco-Lenzi
2008,Andy C,50,/top100djs/2008/50/Andy-C
2008,Offer Nissim,51,/top100djs/2008/51/Offer-Nissim
2008,Martin Solveig,52,/top100djs/2008/52/Martin-Solveig
2008,Adam Sheridan,53,/top100djs/2008/53/Adam-Sheridan
2008,Sean Tyas,54,/top100djs/2008/54/Sean-Tyas
2008,DJ Feel,55,/top100djs/2008/55/DJ-Feel
2008,Yahel,56,/top100djs/2008/56/Yahel
2008,Roger Sanchez,57,/top100djs/2008/57/Roger-Sanchez
2008,DJ Shah,58,/top100djs/2008/58/DJ-Shah
2008,Sander Kleinenberg,59,/top100djs/2008/59/Sander-Kleinenberg
2008,John O'Callaghan,60,/top100djs/2008/60/John-OCallaghan
2008,Blank & Jones,61,/top100djs/2008/61/Blank--Jones
2008,Cosmic Gate,62,/top100djs/2008/62/Cosmic-Gate
2008,Steve Angello,63,/top100djs/2008/63/Steve-Angello
2008,Simon Patterson,64,/top100djs/2008/64/Simon-Patterson
2008,Gabriel & Dresden,65,/top100djs/2008/65/Gabriel--Dresden
2008,Richard Durand,66,/top100djs/2008/66/Richard-Durand
2008,Laurent Wolf,67,/top100djs/2008/67/Laurent-Wolf
2008,Matt Hardwick,68,/top100djs/2008/68/Matt-Hardwick
2008,Chris Liebing,69,/top100djs/2008/69/Chris-Liebing
2008,Erick Morillo,70,/top100djs/2008/70/Erick-Morillo
2008,DJ Hype,71,/top100djs/2008/71/DJ-Hype
2008,Signum,72,/top100djs/2008/72/Signum
2008,Justice,73,/top100djs/2008/73/Justice
2008,Dirty South,74,/top100djs/2008/74/Dirty-South
2008,Wally Lopez,75,/top100djs/2008/75/Wally-Lopez
2008,Magda,76,/top100djs/2008/76/Magda
2008,Lisa Lashes,77,/top100djs/2008/77/Lisa-Lashes
2008,Pete Tong,78,/top100djs/2008/78/Pete-Tong
2008,DJ Vibe,79,/top100djs/2008/79/DJ-Vibe
2008,Bad Boy Bill,80,/top100djs/2008/80/Bad-Boy-Bill
2008,Tiddey,81,/top100djs/2008/81/Tiddey
2008,Greg Downey,82,/top100djs/2008/82/Greg-Downey
2008,Marcel Woods,83,/top100djs/2008/83/Marcel-Woods
2008,Nick Warren,84,/top100djs/2008/84/Nick-Warren
2008,Solar System,85,/top100djs/2008/85/Solar-System
2008,Skazi,86,/top100djs/2008/86/Skazi
2008,Mike Koglin,87,/top100djs/2008/87/Mike-Koglin
2008,Mauro Picotto,88,/top100djs/2008/88/Mauro-Picotto
2008,Sébastien Léger,89,/top100djs/2008/89/Sébastien-Léger
2008,The Chemical Brothers,90,/top100djs/2008/90/The-Chemical-Brothers
2008,Steve Lawler,91,/top100djs/2008/91/Steve-Lawler
2008,Fatboy Slim,92,/top100djs/2008/92/Fatboy-Slim
2008,Solarstone,93,/top100djs/2008/93/Solarstone
2008,Astral Projection,94,/top100djs/2008/94/Astral-Projection
2008,Leon Bolier,95,/top100djs/2008/95/Leon-Bolier
2008,Nic Fanciulli,96,/top100djs/2008/96/Nic-Fanciulli
2008,Ronski Speed,97,/top100djs/2008/97/Ronski-Speed
2008,Tocadisco,98,/top100djs/2008/98/Tocadisco
2008,Booka Shade,99,/top100djs/2008/99/Booka-Shade
2008,Alex Morph & Woody Van Eyden,100,/top100djs/2008/100/Alex-Morph--Woody-Van-Eyden
2009,Armin Van Buuren,1,/top100djs/2009/1/Armin-Van-Buuren
2009,Tiësto,2,/top100djs/2009/2/Tiësto
2009,David Guetta,3,/top100djs/2009/3/David-Guetta
2009,Above & Beyond,4,/top100djs/2009/4/Above--Beyond
2009,Paul van Dyk,5,/top100djs/2009/5/Paul-van-Dyk
2009,Deadmau5,6,/top100djs/2009/6/Deadmau5
2009,Ferry Corsten,7,/top100djs/2009/7/Ferry-Corsten
2009,Markus Schulz,8,/top100djs/2009/8/Markus-Schulz
2009,Gareth Emery,9,/top100djs/2009/9/Gareth-Emery
2009,Sander Van Doorn,10,/top100djs/2009/10/Sander-Van-Doorn
2009,ATB,11,/top100djs/2009/11/ATB
2009,Infected Mushroom,12,/top100djs/2009/12/Infected-Mushroom
2009,Sasha,13,/top100djs/2009/13/Sasha
2009,Axwell,14,/top100djs/2009/14/Axwell
2009,Andy Moor,15,/top100djs/2009/15/Andy-Moor
2009,Bobina,16,/top100djs/2009/16/Bobina
2009,John Digweed,17,/top100djs/2009/17/John-Digweed
2009,Carl Cox,18,/top100djs/2009/18/Carl-Cox
2009,Cosmic Gate,19,/top100djs/2009/19/Cosmic-Gate
2009,Steve Angello,20,/top100djs/2009/20/Steve-Angello
2009,Roger Shah,21,/top100djs/2009/21/Roger-Shah
2009,Aly & Fila,22,/top100djs/2009/22/Aly--Fila
2009,Paul Oakenfold,23,/top100djs/2009/23/Paul-Oakenfold
2009,John O'Callaghan,24,/top100djs/2009/24/John-OCallaghan
2009,Sebastian Ingrosso,25,/top100djs/2009/25/Sebastian-Ingrosso
2009,Benny Benassi,26,/top100djs/2009/26/Benny-Benassi
2009,Laidback Luke,27,/top100djs/2009/27/Laidback-Luke
2009,Richie Hawtin,28,/top100djs/2009/28/Richie-Hawtin
2009,Fedde Le Grand,29,/top100djs/2009/29/Fedde-Le-Grand
2009,DJ Feel,30,/top100djs/2009/30/DJ-Feel
2009,Lange,31,/top100djs/2009/31/Lange
2009,Hernan Cattaneo,32,/top100djs/2009/32/Hernan-Cattaneo
2009,Daft Punk,33,/top100djs/2009/33/Daft-Punk
2009,Eric Prydz,34,/top100djs/2009/34/Eric-Prydz
2009,Bob Sinclair,35,/top100djs/2009/35/Bob-Sinclair
2009,Joachim Garraud,36,/top100djs/2009/36/Joachim-Garraud
2009,Kyau & Albert,37,/top100djs/2009/37/Kyau--Albert
2009,James Zabiela,38,/top100djs/2009/38/James-Zabiela
2009,Umek,39,/top100djs/2009/39/Umek
2009,Christopher Lawrence,40,/top100djs/2009/40/Christopher-Lawrence
2009,Eddie Halliwell,41,/top100djs/2009/41/Eddie-Halliwell
2009,Simon Patterson,42,/top100djs/2009/42/Simon-Patterson
2009,Offer Nissim,43,/top100djs/2009/43/Offer-Nissim
2009,Judge Jules,44,/top100djs/2009/44/Judge-Jules
2009,Sean Tyas,45,/top100djs/2009/45/Sean-Tyas
2009,Dubfire,46,/top100djs/2009/46/Dubfire
2009,Martin Solveig,47,/top100djs/2009/47/Martin-Solveig
2009,Sven Väth,48,/top100djs/2009/48/Sven-Väth
2009,Richard Durand,49,/top100djs/2009/49/Richard-Durand
2009,Marco V,50,/top100djs/2009/50/Marco-V
2009,Kaskade,51,/top100djs/2009/51/Kaskade
2009,tyDi,52,/top100djs/2009/52/tyDi
2009,Erick Morillo,53,/top100djs/2009/53/Erick-Morillo
2009,Matt Darey,54,/top100djs/2009/54/Matt-Darey
2009,Astrix,55,/top100djs/2009/55/Astrix
2009,Menno De Jong,56,/top100djs/2009/56/Menno-De-Jong
2009,The Thrillseekers,57,/top100djs/2009/57/The-Thrillseekers
2009,Nick Warren,58,/top100djs/2009/58/Nick-Warren
2009,Dirty South,59,/top100djs/2009/59/Dirty-South
2009,Roger Sanchez,60,/top100djs/2009/60/Roger-Sanchez
2009,Mark Knight,61,/top100djs/2009/61/Mark-Knight
2009,Wally Lopez,62,/top100djs/2009/62/Wally-Lopez
2009,Leon Bolier,63,/top100djs/2009/63/Leon-Bolier
2009,Blank & Jones,64,/top100djs/2009/64/Blank--Jones
2009,Justice,65,/top100djs/2009/65/Justice
2009,Laurent Wolf,66,/top100djs/2009/66/Laurent-Wolf
2009,Astral Projection,67,/top100djs/2009/67/Astral-Projection
2009,Boys Noize,68,/top100djs/2009/68/Boys-Noize
2009,Ronski Speed,69,/top100djs/2009/69/Ronski-Speed
2009,Sander Kleinenberg,70,/top100djs/2009/70/Sander-Kleinenberg
2009,Ricardo Villalobos,71,/top100djs/2009/71/Ricardo-Villalobos
2009,Chuckie,72,/top100djs/2009/72/Chuckie
2009,Sharam,73,/top100djs/2009/73/Sharam
2009,Marcel Woods,74,/top100djs/2009/74/Marcel-Woods
2009,Lisa Lashes,75,/top100djs/2009/75/Lisa-Lashes
2009,Moonbeam,76,/top100djs/2009/76/Moonbeam
2009,Rank 1,77,/top100djs/2009/77/Rank-1
2009,Sébastien Léger,78,/top100djs/2009/78/Sébastien-Léger
2009,Marcus Schossow,79,/top100djs/2009/79/Marcus-Schossow
2009,Steve Lawler,80,/top100djs/2009/80/Steve-Lawler
2009,Skazi,81,/top100djs/2009/81/Skazi
2009,Super8 & Tab,82,/top100djs/2009/82/Super8--Tab
2009,Pete Tong,83,/top100djs/2009/83/Pete-Tong
2009,Tocadisco,84,/top100djs/2009/84/Tocadisco
2009,Sied Van Riel,85,/top100djs/2009/85/Sied-Van-Riel
2009,Tiga,86,/top100djs/2009/86/Tiga
2009,Daniel Kandi,87,/top100djs/2009/87/Daniel-Kandi
2009,Mike Koglin,88,/top100djs/2009/88/Mike-Koglin
2009,Luciano,89,/top100djs/2009/89/Luciano
2009,Yahel,90,/top100djs/2009/90/Yahel
2009,Myon & Shane 54,91,/top100djs/2009/91/Myon--Shane-54
2009,John B,92,/top100djs/2009/92/John-B
2009,Simon Posford,93,/top100djs/2009/93/Simon-Posford
2009,Fatboy Slim,94,/top100djs/2009/94/Fatboy-Slim
2009,Robbie Rivera,95,/top100djs/2009/95/Robbie-Rivera
2009,Antoine Clamaran,96,/top100djs/2009/96/Antoine-Clamaran
2009,Nic Fanciulli,97,/top100djs/2009/97/Nic-Fanciulli
2009,Gui Boratto,98,/top100djs/2009/98/Gui-Boratto
2009,Alex M.O.R.P.H.,99,/top100djs/2009/99/Alex-M.O.R.P.H.
2009,Andy C,100,/top100djs/2009/100/Andy-C
2010,Armin Van Buuren,1,/top100djs/2010/1/Armin-Van-Buuren
2010,David Guetta,2,/top100djs/2010/2/David-Guetta
2010,Tiësto,3,/top100djs/2010/3/Tiësto
2010,Deadmau5,4,/top100djs/2010/4/Deadmau5
2010,Above & Beyond,5,/top100djs/2010/5/Above--Beyond
2010,Paul van Dyk,6,/top100djs/2010/6/Paul-van-Dyk
2010,Gareth Emery,7,/top100djs/2010/7/Gareth-Emery
2010,Markus Schulz,8,/top100djs/2010/8/Markus-Schulz
2010,Ferry Corsten,9,/top100djs/2010/9/Ferry-Corsten
2010,Axwell,10,/top100djs/2010/10/Axwell
2010,ATB,11,/top100djs/2010/11/ATB
2010,Sander Van Doorn,12,/top100djs/2010/12/Sander-Van-Doorn
2010,Infected Mushroom,13,/top100djs/2010/13/Infected-Mushroom
2010,Steve Angello,14,/top100djs/2010/14/Steve-Angello
2010,Dash Berlin,15,/top100djs/2010/15/Dash-Berlin
2010,Sebastian Ingrosso,16,/top100djs/2010/16/Sebastian-Ingrosso
2010,Laidback Luke,17,/top100djs/2010/17/Laidback-Luke
2010,Judge Jules,18,/top100djs/2010/18/Judge-Jules
2010,Afrojack,19,/top100djs/2010/19/Afrojack
2010,Aly & Fila,20,/top100djs/2010/20/Aly--Fila
2010,Fedde Le Grand,21,/top100djs/2010/21/Fedde-Le-Grand
2010,Carl Cox,22,/top100djs/2010/22/Carl-Cox
2010,Swedish House Mafia,23,/top100djs/2010/23/Swedish-House-Mafia
2010,Cosmic Gate,24,/top100djs/2010/24/Cosmic-Gate
2010,Bobina,25,/top100djs/2010/25/Bobina
2010,Benny Benassi,26,/top100djs/2010/26/Benny-Benassi
2010,Sasha,27,/top100djs/2010/27/Sasha
2010,Simon Patterson,28,/top100djs/2010/28/Simon-Patterson
2010,John Digweed,29,/top100djs/2010/29/John-Digweed
2010,Eric Prydz,30,/top100djs/2010/30/Eric-Prydz
2010,Richie Hawtin,31,/top100djs/2010/31/Richie-Hawtin
2010,Andy Moor,32,/top100djs/2010/32/Andy-Moor
2010,John O'Callaghan,33,/top100djs/2010/33/John-OCallaghan
2010,Roger Shah,34,/top100djs/2010/34/Roger-Shah
2010,Kaskade,35,/top100djs/2010/35/Kaskade
2010,Headhunterz,36,/top100djs/2010/36/Headhunterz
2010,Chuckie,37,/top100djs/2010/37/Chuckie
2010,Bob Sinclair,38,/top100djs/2010/38/Bob-Sinclair
2010,Avicii,39,/top100djs/2010/39/Avicii
2010,Kyau & Albert,40,/top100djs/2010/40/Kyau--Albert
2010,DJ Feel,41,/top100djs/2010/41/DJ-Feel
2010,Moonbeam,42,/top100djs/2010/42/Moonbeam
2010,Joachim Garraud,43,/top100djs/2010/43/Joachim-Garraud
2010,Daft Punk,44,/top100djs/2010/44/Daft-Punk
2010,Lange,45,/top100djs/2010/45/Lange
2010,Sean Tyas,46,/top100djs/2010/46/Sean-Tyas
2010,Eddie Halliwell,47,/top100djs/2010/47/Eddie-Halliwell
2010,Erick Morillo,48,/top100djs/2010/48/Erick-Morillo
2010,James Zabiela,49,/top100djs/2010/49/James-Zabiela
2010,Umek,50,/top100djs/2010/50/Umek
2010,Paul Oakenfold,51,/top100djs/2010/51/Paul-Oakenfold
2010,Matt Darey,52,/top100djs/2010/52/Matt-Darey
2010,Mark Knight,53,/top100djs/2010/53/Mark-Knight
2010,Richard Durand,54,/top100djs/2010/54/Richard-Durand
2010,Martin Solveig,55,/top100djs/2010/55/Martin-Solveig
2010,tyDi,56,/top100djs/2010/56/tyDi
2010,Hernan Cattaneo,57,/top100djs/2010/57/Hernan-Cattaneo
2010,Sven Väth,58,/top100djs/2010/58/Sven-Väth
2010,Astrix,59,/top100djs/2010/59/Astrix
2010,Super8 & Tab,60,/top100djs/2010/60/Super8--Tab
2010,Andy C,61,/top100djs/2010/61/Andy-C
2010,Myon & Shane 54,62,/top100djs/2010/62/Myon--Shane-54
2010,Marcel Woods,63,/top100djs/2010/63/Marcel-Woods
2010,Roger Sanchez,64,/top100djs/2010/64/Roger-Sanchez
2010,Wally Lopez,65,/top100djs/2010/65/Wally-Lopez
2010,Mat Zo,66,/top100djs/2010/66/Mat-Zo
2010,Marco V,67,/top100djs/2010/67/Marco-V
2010,Leon Bolier,68,/top100djs/2010/68/Leon-Bolier
2010,Ronski Speed,69,/top100djs/2010/69/Ronski-Speed
2010,Wolfgang Gartner,70,/top100djs/2010/70/Wolfgang-Gartner
2010,W&W,71,/top100djs/2010/71/WW
2010,Boys Noize,72,/top100djs/2010/72/Boys-Noize
2010,D-Block & S-te-Fan,73,/top100djs/2010/73/D-Block--S-te-Fan
2010,Dubfire,74,/top100djs/2010/74/Dubfire
2010,Dirty South,75,/top100djs/2010/75/Dirty-South
2010,John B,76,/top100djs/2010/76/John-B
2010,Daniel Kandi,77,/top100djs/2010/77/Daniel-Kandi
2010,Arty,78,/top100djs/2010/78/Arty
2010,BT,79,/top100djs/2010/79/BT
2010,Boy George,80,/top100djs/2010/80/Boy-George
2010,Pete Tha Zouk,81,/top100djs/2010/81/Pete-Tha-Zouk
2010,Fatboy Slim,82,/top100djs/2010/82/Fatboy-Slim
2010,Skazi,83,/top100djs/2010/83/Skazi
2010,Paul Kalkbrenner,84,/top100djs/2010/84/Paul-Kalkbrenner
2010,Pete Tong,85,/top100djs/2010/85/Pete-Tong
2010,Bloody Beetroots,86,/top100djs/2010/86/Bloody-Beetroots
2010,Arnej,87,/top100djs/2010/87/Arnej
2010,Joris Voorn,88,/top100djs/2010/88/Joris-Voorn
2010,Dada Life,89,/top100djs/2010/89/Dada-Life
2010,Noisecontrollers,90,/top100djs/2010/90/Noisecontrollers
2010,Showtek,91,/top100djs/2010/91/Showtek
2010,Laurent Wolf,92,/top100djs/2010/92/Laurent-Wolf
2010,Claudia Cazacu,93,/top100djs/2010/93/Claudia-Cazacu
2010,Calvin Harris,94,/top100djs/2010/94/Calvin-Harris
2010,Luciano,95,/top100djs/2010/95/Luciano
2010,Marcus Schossow,96,/top100djs/2010/96/Marcus-Schossow
2010,Sied Van Riel,97,/top100djs/2010/97/Sied-Van-Riel
2010,The Thrillseekers,98,/top100djs/2010/98/The-Thrillseekers
2010,Justice,99,/top100djs/2010/99/Justice
2010,DJ Vibe,100,/top100djs/2010/100/DJ-Vibe
2011,David Guetta,1,/top100djs/2011/1/David-Guetta
2011,Armin Van Buuren,2,/top100djs/2011/2/Armin-Van-Buuren
2011,Tiësto,3,/top100djs/2011/3/Tiësto
2011,Deadmau5,4,/top100djs/2011/4/Deadmau5
2011,Above & Beyond,5,/top100djs/2011/5/Above--Beyond
2011,Avicii,6,/top100djs/2011/6/Avicii
2011,Afrojack,7,/top100djs/2011/7/Afrojack
2011,Dash Berlin,8,/top100djs/2011/8/Dash-Berlin
2011,Markus Schulz,9,/top100djs/2011/9/Markus-Schulz
2011,Swedish House Mafia,10,/top100djs/2011/10/Swedish-House-Mafia
2011,Paul van Dyk,11,/top100djs/2011/11/Paul-van-Dyk
2011,Axwell,12,/top100djs/2011/12/Axwell
2011,Gareth Emery,13,/top100djs/2011/13/Gareth-Emery
2011,Fedde Le Grand,14,/top100djs/2011/14/Fedde-Le-Grand
2011,ATB,15,/top100djs/2011/15/ATB
2011,Sander Van Doorn,16,/top100djs/2011/16/Sander-Van-Doorn
2011,Headhunterz,17,/top100djs/2011/17/Headhunterz
2011,Ferry Corsten,18,/top100djs/2011/18/Ferry-Corsten
2011,Skrillex,19,/top100djs/2011/19/Skrillex
2011,Laidback Luke,20,/top100djs/2011/20/Laidback-Luke
2011,Infected Mushroom,21,/top100djs/2011/21/Infected-Mushroom
2011,Aly & Fila,22,/top100djs/2011/22/Aly--Fila
2011,Steve Angello,23,/top100djs/2011/23/Steve-Angello
2011,Hardwell,24,/top100djs/2011/24/Hardwell
2011,Arty,25,/top100djs/2011/25/Arty
2011,Sebastian Ingrosso,26,/top100djs/2011/26/Sebastian-Ingrosso
2011,Benny Benassi,27,/top100djs/2011/27/Benny-Benassi
2011,Daft Punk,28,/top100djs/2011/28/Daft-Punk
2011,Martin Solveig,29,/top100djs/2011/29/Martin-Solveig
2011,Kaskade,30,/top100djs/2011/30/Kaskade
2011,Carl Cox,31,/top100djs/2011/31/Carl-Cox
2011,Chuckie,32,/top100djs/2011/32/Chuckie
2011,Bob Sinclair,33,/top100djs/2011/33/Bob-Sinclair
2011,Calvin Harris,34,/top100djs/2011/34/Calvin-Harris
2011,Noisecontrollers,35,/top100djs/2011/35/Noisecontrollers
2011,W&W,36,/top100djs/2011/36/WW
2011,Pete Tha Zouk,37,/top100djs/2011/37/Pete-Tha-Zouk
2011,Dada Life,38,/top100djs/2011/38/Dada-Life
2011,Angerfist,39,/top100djs/2011/39/Angerfist
2011,D-Block & S-te-Fan,40,/top100djs/2011/40/D-Block--S-te-Fan
2011,Coone,41,/top100djs/2011/41/Coone
2011,Steve Aoki,42,/top100djs/2011/42/Steve-Aoki
2011,Cosmic Gate,43,/top100djs/2011/43/Cosmic-Gate
2011,Bobina,44,/top100djs/2011/44/Bobina
2011,Richie Hawtin,45,/top100djs/2011/45/Richie-Hawtin
2011,Eric Prydz,46,/top100djs/2011/46/Eric-Prydz
2011,Zatox,47,/top100djs/2011/47/Zatox
2011,tyDi,48,/top100djs/2011/48/tyDi
2011,Orjan Nilsen,49,/top100djs/2011/49/Orjan-Nilsen
2011,Andy Moor,50,/top100djs/2011/50/Andy-Moor
2011,Roger Shah,51,/top100djs/2011/51/Roger-Shah
2011,John O'Callaghan,52,/top100djs/2011/52/John-OCallaghan
2011,Astrix,53,/top100djs/2011/53/Astrix
2011,Erick Morillo,54,/top100djs/2011/54/Erick-Morillo
2011,John Digweed,55,/top100djs/2011/55/John-Digweed
2011,Wolfgang Gartner,56,/top100djs/2011/56/Wolfgang-Gartner
2011,DJ Feel,57,/top100djs/2011/57/DJ-Feel
2011,Showtek,58,/top100djs/2011/58/Showtek
2011,Richard Durand,59,/top100djs/2011/59/Richard-Durand
2011,Umek,60,/top100djs/2011/60/Umek
2011,Skazi,61,/top100djs/2011/61/Skazi
2011,Paul Kalkbrenner,62,/top100djs/2011/62/Paul-Kalkbrenner
2011,Sasha,63,/top100djs/2011/63/Sasha
2011,Eddie Halliwell,64,/top100djs/2011/64/Eddie-Halliwell
2011,Moonbeam,65,/top100djs/2011/65/Moonbeam
2011,Myon & Shane 54,66,/top100djs/2011/66/Myon--Shane-54
2011,Judge Jules,67,/top100djs/2011/67/Judge-Jules
2011,Matt Darey,68,/top100djs/2011/68/Matt-Darey
2011,Paul Oakenfold,69,/top100djs/2011/69/Paul-Oakenfold
2011,Alesso,70,/top100djs/2011/70/Alesso
2011,Mark Knight,71,/top100djs/2011/71/Mark-Knight
2011,Sean Tyas,72,/top100djs/2011/72/Sean-Tyas
2011,Mat Zo,73,/top100djs/2011/73/Mat-Zo
2011,Lange,74,/top100djs/2011/74/Lange
2011,Joachim Garraud,75,/top100djs/2011/75/Joachim-Garraud
2011,Simon Patterson,76,/top100djs/2011/76/Simon-Patterson
2011,Francis Davila,77,/top100djs/2011/77/Francis-Davila
2011,Psyko Punkz,78,/top100djs/2011/78/Psyko-Punkz
2011,Dimitri Vegas & Like Mike,79,/top100djs/2011/79/Dimitri-Vegas--Like-Mike
2011,Wildstylez,80,/top100djs/2011/80/Wildstylez
2011,Roger Sanchez,81,/top100djs/2011/81/Roger-Sanchez
2011,Hernan Cattaneo,82,/top100djs/2011/82/Hernan-Cattaneo
2011,Tritonal,83,/top100djs/2011/83/Tritonal
2011,DJ Vibe,84,/top100djs/2011/84/DJ-Vibe
2011,AN21,85,/top100djs/2011/85/AN21
2011,Bloody Beetroots,86,/top100djs/2011/86/Bloody-Beetroots
2011,Felguk,87,/top100djs/2011/87/Felguk
2011,Nero,88,/top100djs/2011/88/Nero
2011,Juanjo Martin,89,/top100djs/2011/89/Juanjo-Martin
2011,Boy George,90,/top100djs/2011/90/Boy-George
2011,Tenishia,91,/top100djs/2011/91/Tenishia
2011,Sidney Samson,92,/top100djs/2011/92/Sidney-Samson
2011,Dirty South,93,/top100djs/2011/93/Dirty-South
2011,James Zabiela,94,/top100djs/2011/94/James-Zabiela
2011,Marcel Woods,95,/top100djs/2011/95/Marcel-Woods
2011,Porter Robinson,96,/top100djs/2011/96/Porter-Robinson
2011,Sven Väth,97,/top100djs/2011/97/Sven-Väth
2011,Brennan Heart,98,/top100djs/2011/98/Brennan-Heart
2011,Leon Bolier,99,/top100djs/2011/99/Leon-Bolier
2011,Boys Noize,100,/top100djs/2011/100/Boys-Noize
2012,Armin Van Buuren,1,/top100djs/2012/1/Armin-Van-Buuren
2012,Tiësto,2,/top100djs/2012/2/Tiësto
2012,Avicii,3,/top100djs/2012/3/Avicii
2012,David Guetta,4,/top100djs/2012/4/David-Guetta
2012,Deadmau5,5,/top100djs/2012/5/Deadmau5
2012,Hardwell,6,/top100djs/2012/6/Hardwell
2012,Dash Berlin,7,/top100djs/2012/7/Dash-Berlin
2012,Above & Beyond,8,/top100djs/2012/8/Above--Beyond
2012,Afrojack,9,/top100djs/2012/9/Afrojack
2012,Skrillex,10,/top100djs/2012/10/Skrillex
2012,Headhunterz,11,/top100djs/2012/11/Headhunterz
2012,Swedish House Mafia,12,/top100djs/2012/12/Swedish-House-Mafia
2012,Markus Schulz,13,/top100djs/2012/13/Markus-Schulz
2012,Gareth Emery,14,/top100djs/2012/14/Gareth-Emery
2012,Steve Aoki,15,/top100djs/2012/15/Steve-Aoki
2012,Paul van Dyk,16,/top100djs/2012/16/Paul-van-Dyk
2012,Nicky Romero,17,/top100djs/2012/17/Nicky-Romero
2012,Sander Van Doorn,18,/top100djs/2012/18/Sander-Van-Doorn
2012,Aly & Fila,19,/top100djs/2012/19/Aly--Fila
2012,Alesso,20,/top100djs/2012/20/Alesso
2012,ATB,21,/top100djs/2012/21/ATB
2012,Ferry Corsten,22,/top100djs/2012/22/Ferry-Corsten
2012,Axwell,23,/top100djs/2012/23/Axwell
2012,Dada Life,24,/top100djs/2012/24/Dada-Life
2012,W&W,25,/top100djs/2012/25/WW
2012,Fedde Le Grand,26,/top100djs/2012/26/Fedde-Le-Grand
2012,Noisecontrollers,27,/top100djs/2012/27/Noisecontrollers
2012,Arty,28,/top100djs/2012/28/Arty
2012,Laidback Luke,29,/top100djs/2012/29/Laidback-Luke
2012,Kaskade,30,/top100djs/2012/30/Kaskade
2012,Calvin Harris,31,/top100djs/2012/31/Calvin-Harris
2012,Orjan Nilsen,32,/top100djs/2012/32/Orjan-Nilsen
2012,Knife Party,33,/top100djs/2012/33/Knife-Party
2012,Sebastian Ingrosso,34,/top100djs/2012/34/Sebastian-Ingrosso
2012,Chuckie,35,/top100djs/2012/35/Chuckie
2012,Zatox,36,/top100djs/2012/36/Zatox
2012,Coone,37,/top100djs/2012/37/Coone
2012,Dimitri Vegas & Like Mike,38,/top100djs/2012/38/Dimitri-Vegas--Like-Mike
2012,Cosmic Gate,39,/top100djs/2012/39/Cosmic-Gate
2012,Porter Robinson,40,/top100djs/2012/40/Porter-Robinson
2012,Wildstylez,41,/top100djs/2012/41/Wildstylez
2012,Angerfist,42,/top100djs/2012/42/Angerfist
2012,Infected Mushroom,43,/top100djs/2012/43/Infected-Mushroom
2012,Daft Punk,44,/top100djs/2012/44/Daft-Punk
2012,Carl Cox,45,/top100djs/2012/45/Carl-Cox
2012,Nervo,46,/top100djs/2012/46/Nervo
2012,Pete Tha Zouk,47,/top100djs/2012/47/Pete-Tha-Zouk
2012,Martin Solveig,48,/top100djs/2012/48/Martin-Solveig
2012,Brennan Heart,49,/top100djs/2012/49/Brennan-Heart
2012,Tenishia,50,/top100djs/2012/50/Tenishia
2012,Zedd,51,/top100djs/2012/51/Zedd
2012,Eric Prydz,52,/top100djs/2012/52/Eric-Prydz
2012,Bobina,53,/top100djs/2012/53/Bobina
2012,Madeon,54,/top100djs/2012/54/Madeon
2012,John O'Callaghan,55,/top100djs/2012/55/John-OCallaghan
2012,DJ Feel,56,/top100djs/2012/56/DJ-Feel
2012,Steve Angello,57,/top100djs/2012/57/Steve-Angello
2012,Omnia,58,/top100djs/2012/58/Omnia
2012,Umek,59,/top100djs/2012/59/Umek
2012,Wolfgang Gartner,60,/top100djs/2012/60/Wolfgang-Gartner
2012,AN21,61,/top100djs/2012/61/AN21
2012,Tommy Trash,62,/top100djs/2012/62/Tommy-Trash
2012,Francis Davila,63,/top100djs/2012/63/Francis-Davila
2012,D-Block & S-te-Fan,64,/top100djs/2012/64/D-Block--S-te-Fan
2012,Tritonal,65,/top100djs/2012/65/Tritonal
2012,Bingo Players,66,/top100djs/2012/66/Bingo-Players
2012,Psyko Punkz,67,/top100djs/2012/67/Psyko-Punkz
2012,Shogun,68,/top100djs/2012/68/Shogun
2012,Paul Oakenfold,69,/top100djs/2012/69/Paul-Oakenfold
2012,Benny Benassi,70,/top100djs/2012/70/Benny-Benassi
2012,tyDi,71,/top100djs/2012/71/tyDi
2012,Mat Zo,72,/top100djs/2012/72/Mat-Zo
2012,R3hab,73,/top100djs/2012/73/R3hab
2012,MOSIMANN,74,/top100djs/2012/74/MOSIMANN
2012,Wasted Penguinz,75,/top100djs/2012/75/Wasted-Penguinz
2012,Dirty South,76,/top100djs/2012/76/Dirty-South
2012,Andrew Rayel,77,/top100djs/2012/77/Andrew-Rayel
2012,Richie Hawtin,78,/top100djs/2012/78/Richie-Hawtin
2012,Frontliner,79,/top100djs/2012/79/Frontliner
2012,Myon & Shane 54,80,/top100djs/2012/80/Myon--Shane-54
2012,Heatbeat,81,/top100djs/2012/81/Heatbeat
2012,Thomas Gold,82,/top100djs/2012/82/Thomas-Gold
2012,Nero,83,/top100djs/2012/83/Nero
2012,Roger Shah,84,/top100djs/2012/84/Roger-Shah
2012,Feed Me,85,/top100djs/2012/85/Feed-Me
2012,Mike Candys,86,/top100djs/2012/86/Mike-Candys
2012,Andy Moor,87,/top100djs/2012/87/Andy-Moor
2012,Ran-D,88,/top100djs/2012/88/Ran-D
2012,Richard Durand,89,/top100djs/2012/89/Richard-Durand
2012,Felguk,90,/top100djs/2012/90/Felguk
2012,Paul Kalkbrenner,91,/top100djs/2012/91/Paul-Kalkbrenner
2012,Moonbeam,92,/top100djs/2012/92/Moonbeam
2012,Sean Tyas,93,/top100djs/2012/93/Sean-Tyas
2012,Bob Sinclair,94,/top100djs/2012/94/Bob-Sinclair
2012,Netsky,95,/top100djs/2012/95/Netsky
2012,Neelix,96,/top100djs/2012/96/Neelix
2012,Mark Knight,97,/top100djs/2012/97/Mark-Knight
2012,John Digweed,98,/top100djs/2012/98/John-Digweed
2012,Da Tweekaz,99,/top100djs/2012/99/Da-Tweekaz
2012,Project 46,100,/top100djs/2012/100/Project-46
2013,Hardwell,1,/top100djs/2013/1/Hardwell
2013,Armin Van Buuren,2,/top100djs/2013/2/Armin-Van-Buuren
2013,Avicii,3,/top100djs/2013/3/Avicii
2013,Tiësto,4,/top100djs/2013/4/Tiësto
2013,David Guetta,5,/top100djs/2013/5/David-Guetta
2013,Dimitri Vegas & Like Mike,6,/top100djs/2013/6/Dimitri-Vegas--Like-Mike
2013,Nicky Romero,7,/top100djs/2013/7/Nicky-Romero
2013,Steve Aoki,8,/top100djs/2013/8/Steve-Aoki
2013,Afrojack,9,/top100djs/2013/9/Afrojack
2013,Dash Berlin,10,/top100djs/2013/10/Dash-Berlin
2013,Skrillex,11,/top100djs/2013/11/Skrillex
2013,Deadmau5,12,/top100djs/2013/12/Deadmau5
2013,Alesso,13,/top100djs/2013/13/Alesso
2013,W&W,14,/top100djs/2013/14/WW
2013,Calvin Harris,15,/top100djs/2013/15/Calvin-Harris
2013,Nervo,16,/top100djs/2013/16/Nervo
2013,Above & Beyond,17,/top100djs/2013/17/Above--Beyond
2013,Sebastian Ingrosso,18,/top100djs/2013/18/Sebastian-Ingrosso
2013,Axwell,19,/top100djs/2013/19/Axwell
2013,Aly & Fila,20,/top100djs/2013/20/Aly--Fila
2013,Markus Schulz,21,/top100djs/2013/21/Markus-Schulz
2013,Daft Punk,22,/top100djs/2013/22/Daft-Punk
2013,Headhunterz,23,/top100djs/2013/23/Headhunterz
2013,Zedd,24,/top100djs/2013/24/Zedd
2013,Knife Party,25,/top100djs/2013/25/Knife-Party
2013,Swedish House Mafia,26,/top100djs/2013/26/Swedish-House-Mafia
2013,Showtek,27,/top100djs/2013/27/Showtek
2013,Andrew Rayel,28,/top100djs/2013/28/Andrew-Rayel
2013,Fedde Le Grand,29,/top100djs/2013/29/Fedde-Le-Grand
2013,Dyro,30,/top100djs/2013/30/Dyro
2013,Laidback Luke,31,/top100djs/2013/31/Laidback-Luke
2013,Paul van Dyk,32,/top100djs/2013/32/Paul-van-Dyk
2013,ATB,33,/top100djs/2013/33/ATB
2013,Angerfist,34,/top100djs/2013/34/Angerfist
2013,Dada Life,35,/top100djs/2013/35/Dada-Life
2013,Kaskade,36,/top100djs/2013/36/Kaskade
2013,Frontliner,37,/top100djs/2013/37/Frontliner
2013,Steve Angello,38,/top100djs/2013/38/Steve-Angello
2013,Sander Van Doorn,39,/top100djs/2013/39/Sander-Van-Doorn
2013,Martin Garrix,40,/top100djs/2013/40/Martin-Garrix
2013,Porter Robinson,41,/top100djs/2013/41/Porter-Robinson
2013,Ferry Corsten,42,/top100djs/2013/42/Ferry-Corsten
2013,Chuckie,43,/top100djs/2013/43/Chuckie
2013,Krewella,44,/top100djs/2013/44/Krewella
2013,Coone,45,/top100djs/2013/45/Coone
2013,Carl Cox,46,/top100djs/2013/46/Carl-Cox
2013,Bobina,47,/top100djs/2013/47/Bobina
2013,Omnia,48,/top100djs/2013/48/Omnia
2013,Orjan Nilsen,49,/top100djs/2013/49/Orjan-Nilsen
2013,Zatox,50,/top100djs/2013/50/Zatox
2013,Gareth Emery,51,/top100djs/2013/51/Gareth-Emery
2013,Bingo Players,52,/top100djs/2013/52/Bingo-Players
2013,Infected Mushroom,53,/top100djs/2013/53/Infected-Mushroom
2013,Eric Prydz,54,/top100djs/2013/54/Eric-Prydz
2013,Tommy Trash,55,/top100djs/2013/55/Tommy-Trash
2013,Wildstylez,56,/top100djs/2013/56/Wildstylez
2013,Arty,57,/top100djs/2013/57/Arty
2013,R3hab,58,/top100djs/2013/58/R3hab
2013,Madeon,59,/top100djs/2013/59/Madeon
2013,Vicetone,60,/top100djs/2013/60/Vicetone
2013,Brennan Heart,61,/top100djs/2013/61/Brennan-Heart
2013,DJ Feel,62,/top100djs/2013/62/DJ-Feel
2013,Gunz For Hire,63,/top100djs/2013/63/Gunz-For-Hire
2013,Diplo,64,/top100djs/2013/64/Diplo
2013,Tenishia,65,/top100djs/2013/65/Tenishia
2013,Noisecontrollers,66,/top100djs/2013/66/Noisecontrollers
2013,Mike Candys,67,/top100djs/2013/67/Mike-Candys
2013,Antoine,68,/top100djs/2013/68/Antoine
2013,MOSIMANN,69,/top100djs/2013/69/MOSIMANN
2013,Project 46,70,/top100djs/2013/70/Project-46
2013,Blasterjaxx,71,/top100djs/2013/71/Blasterjaxx
2013,D-Block & S-te-Fan,72,/top100djs/2013/72/D-Block--S-te-Fan
2013,Dillon Francis,73,/top100djs/2013/73/Dillon-Francis
2013,Dannic,74,/top100djs/2013/74/Dannic
2013,Adaro,75,/top100djs/2013/75/Adaro
2013,Richie Hawtin,76,/top100djs/2013/76/Richie-Hawtin
2013,Martin Solveig,77,/top100djs/2013/77/Martin-Solveig
2013,Felguk,78,/top100djs/2013/78/Felguk
2013,Myon & Shane 54,79,/top100djs/2013/79/Myon--Shane-54
2013,Cosmic Gate,80,/top100djs/2013/80/Cosmic-Gate
2013,Heatbeat,81,/top100djs/2013/81/Heatbeat
2013,John O'Callaghan,82,/top100djs/2013/82/John-OCallaghan
2013,Wasted Penguinz,83,/top100djs/2013/83/Wasted-Penguinz
2013,Tiddey,84,/top100djs/2013/84/Tiddey
2013,Skazi,85,/top100djs/2013/85/Skazi
2013,Da Tweekaz,86,/top100djs/2013/86/Da-Tweekaz
2013,Tenashar,87,/top100djs/2013/87/Tenashar
2013,Bob Sinclair,88,/top100djs/2013/88/Bob-Sinclair
2013,Benny Benassi,89,/top100djs/2013/89/Benny-Benassi
2013,Stafford Brothers,90,/top100djs/2013/90/Stafford-Brothers
2013,Bl3nd,91,/top100djs/2013/91/Bl3nd
2013,Paul Oakenfold,92,/top100djs/2013/92/Paul-Oakenfold
2013,Mat Zo,93,/top100djs/2013/93/Mat-Zo
2013,Diego Miranda,94,/top100djs/2013/94/Diego-Miranda
2013,DJs From Mars,95,/top100djs/2013/95/DJs-From-Mars
2013,Matt Darey,96,/top100djs/2013/96/Matt-Darey
2013,Umek,97,/top100djs/2013/97/Umek
2013,Solarstone,98,/top100djs/2013/98/Solarstone
2013,Ummet Ozcan,99,/top100djs/2013/99/Ummet-Ozcan
2013,Ran-D,100,/top100djs/2013/100/Ran-D
2014,Hardwell,1,/top100djs/2014/1/Hardwell
2014,Dimitri Vegas & Like Mike,2,/top100djs/2014/2/Dimitri-Vegas--Like-Mike
2014,Armin Van Buuren,3,/top100djs/2014/3/Armin-Van-Buuren
2014,Martin Garrix,4,/top100djs/2014/4/Martin-Garrix
2014,Tiësto,5,/top100djs/2014/5/Tiësto
2014,Avicii,6,/top100djs/2014/6/Avicii
2014,David Guetta,7,/top100djs/2014/7/David-Guetta
2014,Nicky Romero,8,/top100djs/2014/8/Nicky-Romero
2014,Skrillex,9,/top100djs/2014/9/Skrillex
2014,Steve Aoki,10,/top100djs/2014/10/Steve-Aoki
2014,Calvin Harris,11,/top100djs/2014/11/Calvin-Harris
2014,Afrojack,12,/top100djs/2014/12/Afrojack
2014,Blasterjaxx,13,/top100djs/2014/13/Blasterjaxx
2014,Dash Berlin,14,/top100djs/2014/14/Dash-Berlin
2014,Alesso,15,/top100djs/2014/15/Alesso
2014,Deadmau5,16,/top100djs/2014/16/Deadmau5
2014,Showtek,17,/top100djs/2014/17/Showtek
2014,W&W,18,/top100djs/2014/18/WW
2014,Deorro,19,/top100djs/2014/19/Deorro
2014,DVBBS,20,/top100djs/2014/20/DVBBS
2014,Nervo,21,/top100djs/2014/21/Nervo
2014,Zedd,22,/top100djs/2014/22/Zedd
2014,R3hab,23,/top100djs/2014/23/R3hab
2014,Andrew Rayel,24,/top100djs/2014/24/Andrew-Rayel
2014,Above & Beyond,25,/top100djs/2014/25/Above--Beyond
2014,Steve Angello,26,/top100djs/2014/26/Steve-Angello
2014,Dyro,27,/top100djs/2014/27/Dyro
2014,Aly & Fila,28,/top100djs/2014/28/Aly--Fila
2014,Axwell,29,/top100djs/2014/29/Axwell
2014,Dannic,30,/top100djs/2014/30/Dannic
2014,Ummet Ozcan,31,/top100djs/2014/31/Ummet-Ozcan
2014,Diplo,32,/top100djs/2014/32/Diplo
2014,Krewella,33,/top100djs/2014/33/Krewella
2014,Oliver Heldens,34,/top100djs/2014/34/Oliver-Heldens
2014,Fedde Le Grand,35,/top100djs/2014/35/Fedde-Le-Grand
2014,Vicetone,36,/top100djs/2014/36/Vicetone
2014,Angerfist,37,/top100djs/2014/37/Angerfist
2014,Paul van Dyk,38,/top100djs/2014/38/Paul-van-Dyk
2014,Sebastian Ingrosso,39,/top100djs/2014/39/Sebastian-Ingrosso
2014,Headhunterz,40,/top100djs/2014/40/Headhunterz
2014,Borgore,41,/top100djs/2014/41/Borgore
2014,Kura,42,/top100djs/2014/42/Kura
2014,Daft Punk,43,/top100djs/2014/43/Daft-Punk
2014,Markus Schulz,44,/top100djs/2014/44/Markus-Schulz
2014,Frontliner,45,/top100djs/2014/45/Frontliner
2014,Kaskade,46,/top100djs/2014/46/Kaskade
2014,Brennan Heart,47,/top100djs/2014/47/Brennan-Heart
2014,Coone,48,/top100djs/2014/48/Coone
2014,Infected Mushroom,49,/top100djs/2014/49/Infected-Mushroom
2014,Laidback Luke,50,/top100djs/2014/50/Laidback-Luke
2014,Sander Van Doorn,51,/top100djs/2014/51/Sander-Van-Doorn
2014,Dada Life,52,/top100djs/2014/52/Dada-Life
2014,Knife Party,53,/top100djs/2014/53/Knife-Party
2014,Dillon Francis,54,/top100djs/2014/54/Dillon-Francis
2014,Yves V,55,/top100djs/2014/55/Yves-V
2014,Firebeatz,56,/top100djs/2014/56/Firebeatz
2014,Porter Robinson,57,/top100djs/2014/57/Porter-Robinson
2014,ATB,58,/top100djs/2014/58/ATB
2014,Carl Cox,59,/top100djs/2014/59/Carl-Cox
2014,Eric Prydz,60,/top100djs/2014/60/Eric-Prydz
2014,Gabry Ponte,61,/top100djs/2014/61/Gabry-Ponte
2014,VINAI,62,/top100djs/2014/62/VINAI
2014,MAKJ,63,/top100djs/2014/63/MAKJ
2014,Radical Redemption,64,/top100djs/2014/64/Radical-Redemption
2014,DJ Snake,65,/top100djs/2014/65/DJ-Snake
2014,Da Tweekaz,66,/top100djs/2014/66/Da-Tweekaz
2014,Noisecontrollers,67,/top100djs/2014/67/Noisecontrollers
2014,Carnage,68,/top100djs/2014/68/Carnage
2014,Cosmic Gate,69,/top100djs/2014/69/Cosmic-Gate
2014,Diego Miranda,70,/top100djs/2014/70/Diego-Miranda
2014,Zatox,71,/top100djs/2014/71/Zatox
2014,MOSIMANN,72,/top100djs/2014/72/MOSIMANN
2014,Tenishia,73,/top100djs/2014/73/Tenishia
2014,Gareth Emery,74,/top100djs/2014/74/Gareth-Emery
2014,Umek,75,/top100djs/2014/75/Umek
2014,Tiddey,76,/top100djs/2014/76/Tiddey
2014,Zomboy,77,/top100djs/2014/77/Zomboy
2014,Bl3nd,78,/top100djs/2014/78/Bl3nd
2014,Orjan Nilsen,79,/top100djs/2014/79/Orjan-Nilsen
2014,TJR,80,/top100djs/2014/80/TJR
2014,3lau,81,/top100djs/2014/81/3lau
2014,Don Diablo,82,/top100djs/2014/82/Don-Diablo
2014,Madeon,83,/top100djs/2014/83/Madeon
2014,Wolfpack,84,/top100djs/2014/84/Wolfpack
2014,Mike Candys,85,/top100djs/2014/85/Mike-Candys
2014,Quintino,86,/top100djs/2014/86/Quintino
2014,Borgeous,87,/top100djs/2014/87/Borgeous
2014,Audien,88,/top100djs/2014/88/Audien
2014,Boy George,89,/top100djs/2014/89/Boy-George
2014,Richie Hawtin,90,/top100djs/2014/90/Richie-Hawtin
2014,Ferry Corsten,91,/top100djs/2014/91/Ferry-Corsten
2014,Code Black,92,/top100djs/2014/92/Code-Black
2014,Heatbeat,93,/top100djs/2014/93/Heatbeat
2014,Merk & Kremont,94,/top100djs/2014/94/Merk--Kremont
2014,Wildstylez,95,/top100djs/2014/95/Wildstylez
2014,Bingo Players,96,/top100djs/2014/96/Bingo-Players
2014,The Chainsmokers,97,/top100djs/2014/97/The-Chainsmokers
2014,John O'Callaghan,98,/top100djs/2014/98/John-OCallaghan
2014,Arty,99,/top100djs/2014/99/Arty
2014,Felguk,100,/top100djs/2014/100/Felguk
2015,Dimitri Vegas & Like Mike,1,/top100djs/2015/1/Dimitri-Vegas--Like-Mike
2015,Hardwell,2,/top100djs/2015/2/Hardwell
2015,Martin Garrix,3,/top100djs/2015/3/Martin-Garrix
2015,Armin Van Buuren,4,/top100djs/2015/4/Armin-Van-Buuren
2015,Tiësto,5,/top100djs/2015/5/Tiësto
2015,David Guetta,6,/top100djs/2015/6/David-Guetta
2015,Avicii,7,/top100djs/2015/7/Avicii
2015,Afrojack,8,/top100djs/2015/8/Afrojack
2015,Skrillex,9,/top100djs/2015/9/Skrillex
2015,Steve Aoki,10,/top100djs/2015/10/Steve-Aoki
2015,Calvin Harris,11,/top100djs/2015/11/Calvin-Harris
2015,Oliver Heldens,12,/top100djs/2015/12/Oliver-Heldens
2015,Alesso,13,/top100djs/2015/13/Alesso
2015,W&W,14,/top100djs/2015/14/WW
2015,Dash Berlin,15,/top100djs/2015/15/Dash-Berlin
2015,DVBBS,16,/top100djs/2015/16/DVBBS
2015,Axwell & Ingrosso,17,/top100djs/2015/17/Axwell--Ingrosso
2015,Nicky Romero,18,/top100djs/2015/18/Nicky-Romero
2015,Blasterjaxx,19,/top100djs/2015/19/Blasterjaxx
2015,Diplo,20,/top100djs/2015/20/Diplo
2015,R3hab,21,/top100djs/2015/21/R3hab
2015,Zedd,22,/top100djs/2015/22/Zedd
2015,KSHMR,23,/top100djs/2015/23/KSHMR
2015,Nervo,24,/top100djs/2015/24/Nervo
2015,Deadmau5,25,/top100djs/2015/25/Deadmau5
2015,Dannic,26,/top100djs/2015/26/Dannic
2015,Dyro,27,/top100djs/2015/27/Dyro
2015,Deorro,28,/top100djs/2015/28/Deorro
2015,Above & Beyond,29,/top100djs/2015/29/Above--Beyond
2015,Don Diablo,30,/top100djs/2015/30/Don-Diablo
2015,Steve Angello,31,/top100djs/2015/31/Steve-Angello
2015,DJ Snake,32,/top100djs/2015/32/DJ-Snake
2015,Kygo,33,/top100djs/2015/33/Kygo
2015,Yves V,34,/top100djs/2015/34/Yves-V
2015,Fedde Le Grand,35,/top100djs/2015/35/Fedde-Le-Grand
2015,Ummet Ozcan,36,/top100djs/2015/36/Ummet-Ozcan
2015,Showtek,37,/top100djs/2015/37/Showtek
2015,Angerfist,38,/top100djs/2015/38/Angerfist
2015,Bassjackers,39,/top100djs/2015/39/Bassjackers
2015,Andrew Rayel,40,/top100djs/2015/40/Andrew-Rayel
2015,Paul van Dyk,41,/top100djs/2015/41/Paul-van-Dyk
2015,Aly & Fila,42,/top100djs/2015/42/Aly--Fila
2015,VINAI,43,/top100djs/2015/43/VINAI
2015,Alok,44,/top100djs/2015/44/Alok
2015,Jack U,45,/top100djs/2015/45/Jack-U
2015,Tom Swoon,46,/top100djs/2015/46/Tom-Swoon
2015,Shogun,47,/top100djs/2015/47/Shogun
2015,Headhunterz,48,/top100djs/2015/48/Headhunterz
2015,Coone,49,/top100djs/2015/49/Coone
2015,Vicetone,50,/top100djs/2015/50/Vicetone
2015,Richie Hawtin,51,/top100djs/2015/51/Richie-Hawtin
2015,Wolfpack,52,/top100djs/2015/52/Wolfpack
2015,Brennan Heart,53,/top100djs/2015/53/Brennan-Heart
2015,Major Lazer,54,/top100djs/2015/54/Major-Lazer
2015,Porter Robinson,55,/top100djs/2015/55/Porter-Robinson
2015,Markus Schulz,56,/top100djs/2015/56/Markus-Schulz
2015,Eric Prydz,57,/top100djs/2015/57/Eric-Prydz
2015,Diego Miranda,58,/top100djs/2015/58/Diego-Miranda
2015,DJ Chetas,59,/top100djs/2015/59/DJ-Chetas
2015,Danny Avila,60,/top100djs/2015/60/Danny-Avila
2015,Kura,61,/top100djs/2015/61/Kura
2015,tchami,62,/top100djs/2015/62/tchami
2015,Carl Cox,63,/top100djs/2015/63/Carl-Cox
2015,Laidback Luke,64,/top100djs/2015/64/Laidback-Luke
2015,Disclosure,65,/top100djs/2015/65/Disclosure
2015,Firebeatz,66,/top100djs/2015/66/Firebeatz
2015,Dillon Francis,67,/top100djs/2015/67/Dillon-Francis
2015,Borgore,68,/top100djs/2015/68/Borgore
2015,Daft Punk,69,/top100djs/2015/69/Daft-Punk
2015,Umek,70,/top100djs/2015/70/Umek
2015,Tenishia,71,/top100djs/2015/71/Tenishia
2015,Radical Redemption,72,/top100djs/2015/72/Radical-Redemption
2015,Frontliner,73,/top100djs/2015/73/Frontliner
2015,Borgeous,74,/top100djs/2015/74/Borgeous
2015,Netsky,75,/top100djs/2015/75/Netsky
2015,Yellow Claw,76,/top100djs/2015/76/Yellow-Claw
2015,Chuckie,77,/top100djs/2015/77/Chuckie
2015,Will Sparks,78,/top100djs/2015/78/Will-Sparks
2015,Da Tweekaz,79,/top100djs/2015/79/Da-Tweekaz
2015,Quintino,80,/top100djs/2015/80/Quintino
2015,Krewella,81,/top100djs/2015/81/Krewella
2015,ATB,82,/top100djs/2015/82/ATB
2015,MAKJ,83,/top100djs/2015/83/MAKJ
2015,Kaskade,84,/top100djs/2015/84/Kaskade
2015,Ferry Corsten,85,/top100djs/2015/85/Ferry-Corsten
2015,Flux Pavilion,86,/top100djs/2015/86/Flux-Pavilion
2015,Zatox,87,/top100djs/2015/87/Zatox
2015,Carnage,88,/top100djs/2015/88/Carnage
2015,Robin Schulz,89,/top100djs/2015/89/Robin-Schulz
2015,Sander Van Doorn,90,/top100djs/2015/90/Sander-Van-Doorn
2015,MaRLo,91,/top100djs/2015/91/MaRLo
2015,Andy C,92,/top100djs/2015/92/Andy-C
2015,MOSIMANN,93,/top100djs/2015/93/MOSIMANN
2015,Miss K8,94,/top100djs/2015/94/Miss-K8
2015,Tujamo,95,/top100djs/2015/95/Tujamo
2015,Mike Candys,96,/top100djs/2015/96/Mike-Candys
2015,Swanky Tunes,97,/top100djs/2015/97/Swanky-Tunes
2015,Galantis,98,/top100djs/2015/98/Galantis
2015,Cosmic Gate,99,/top100djs/2015/99/Cosmic-Gate
2015,Knife Party,100,/top100djs/2015/100/Knife-Party
2016,Martin Garrix,1,/top100djs/2016/1/Martin-Garrix
2016,Dimitri Vegas & Like Mike,2,/top100djs/2016/2/Dimitri-Vegas--Like-Mike
2016,Hardwell,3,/top100djs/2016/3/Hardwell
2016,Armin Van Buuren,4,/top100djs/2016/4/Armin-Van-Buuren
2016,Tiësto,5,/top100djs/2016/5/Tiësto
2016,David Guetta,6,/top100djs/2016/6/David-Guetta
2016,Steve Aoki,7,/top100djs/2016/7/Steve-Aoki
2016,Oliver Heldens,8,/top100djs/2016/8/Oliver-Heldens
2016,Skrillex,9,/top100djs/2016/9/Skrillex
2016,Afrojack,10,/top100djs/2016/10/Afrojack
2016,Avicii,11,/top100djs/2016/11/Avicii
2016,KSHMR,12,/top100djs/2016/12/KSHMR
2016,W&W,13,/top100djs/2016/13/WW
2016,Calvin Harris,14,/top100djs/2016/14/Calvin-Harris
2016,Don Diablo,15,/top100djs/2016/15/Don-Diablo
2016,Axwell & Ingrosso,16,/top100djs/2016/16/Axwell--Ingrosso
2016,Dash Berlin,17,/top100djs/2016/17/Dash-Berlin
2016,The Chainsmokers,18,/top100djs/2016/18/The-Chainsmokers
2016,Ummet Ozcan,19,/top100djs/2016/19/Ummet-Ozcan
2016,Alesso,20,/top100djs/2016/20/Alesso
2016,R3hab,21,/top100djs/2016/21/R3hab
2016,DJ Snake,22,/top100djs/2016/22/DJ-Snake
2016,Diplo,23,/top100djs/2016/23/Diplo
2016,DVBBS,24,/top100djs/2016/24/DVBBS
2016,Alok,25,/top100djs/2016/25/Alok
2016,Kygo,26,/top100djs/2016/26/Kygo
2016,Swanky Tunes,27,/top100djs/2016/27/Swanky-Tunes
2016,Marshmello,28,/top100djs/2016/28/Marshmello
2016,Nicky Romero,29,/top100djs/2016/29/Nicky-Romero
2016,Steve Angello,30,/top100djs/2016/30/Steve-Angello
2016,Deadmau5,31,/top100djs/2016/31/Deadmau5
2016,Quintino,32,/top100djs/2016/32/Quintino
2016,DJ Chetas,33,/top100djs/2016/33/DJ-Chetas
2016,Bassjackers,34,/top100djs/2016/34/Bassjackers
2016,Zedd,35,/top100djs/2016/35/Zedd
2016,Headhunterz,36,/top100djs/2016/36/Headhunterz
2016,VINAI,37,/top100djs/2016/37/VINAI
2016,Florian Picasso,38,/top100djs/2016/38/Florian-Picasso
2016,Galantis,39,/top100djs/2016/39/Galantis
2016,Jack U,40,/top100djs/2016/40/Jack-U
2016,Aly & Fila,41,/top100djs/2016/41/Aly--Fila
2016,Shogun,42,/top100djs/2016/42/Shogun
2016,Blasterjaxx,43,/top100djs/2016/43/Blasterjaxx
2016,Major Lazer,44,/top100djs/2016/44/Major-Lazer
2016,Nervo,45,/top100djs/2016/45/Nervo
2016,Angerfist,46,/top100djs/2016/46/Angerfist
2016,Above & Beyond,47,/top100djs/2016/47/Above--Beyond
2016,Yellow Claw,48,/top100djs/2016/48/Yellow-Claw
2016,MaRLo,49,/top100djs/2016/49/MaRLo
2016,Fedde Le Grand,50,/top100djs/2016/50/Fedde-Le-Grand
2016,Kura,51,/top100djs/2016/51/Kura
2016,Lost Stories,52,/top100djs/2016/52/Lost-Stories
2016,Deorro,53,/top100djs/2016/53/Deorro
2016,Vintage Culture,54,/top100djs/2016/54/Vintage-Culture
2016,Alan Walker,55,/top100djs/2016/55/Alan-Walker
2016,Tom Swoon,56,/top100djs/2016/56/Tom-Swoon
2016,Coone,57,/top100djs/2016/57/Coone
2016,Diego Miranda,58,/top100djs/2016/58/Diego-Miranda
2016,Brennan Heart,59,/top100djs/2016/59/Brennan-Heart
2016,Paul van Dyk,60,/top100djs/2016/60/Paul-van-Dyk
2016,ATB,61,/top100djs/2016/61/ATB
2016,Yves V,62,/top100djs/2016/62/Yves-V
2016,Wolfpack,63,/top100djs/2016/63/Wolfpack
2016,Dillon Francis,64,/top100djs/2016/64/Dillon-Francis
2016,Andrew Rayel,65,/top100djs/2016/65/Andrew-Rayel
2016,Eric Prydz,66,/top100djs/2016/66/Eric-Prydz
2016,Felguk,67,/top100djs/2016/67/Felguk
2016,Radical Redemption,68,/top100djs/2016/68/Radical-Redemption
2016,Robin Schulz,69,/top100djs/2016/69/Robin-Schulz
2016,Dannic,70,/top100djs/2016/70/Dannic
2016,Da Tweekaz,71,/top100djs/2016/71/Da-Tweekaz
2016,Daft Punk,72,/top100djs/2016/72/Daft-Punk
2016,Will Sparks,73,/top100djs/2016/73/Will-Sparks
2016,Carl Cox,74,/top100djs/2016/74/Carl-Cox
2016,Timmy Trumpet,75,/top100djs/2016/75/Timmy-Trumpet
2016,Borgore,76,/top100djs/2016/76/Borgore
2016,Firebeatz,77,/top100djs/2016/77/Firebeatz
2016,Tujamo,78,/top100djs/2016/78/Tujamo
2016,Laidback Luke,79,/top100djs/2016/79/Laidback-Luke
2016,Markus Schulz,80,/top100djs/2016/80/Markus-Schulz
2016,Vicetone,81,/top100djs/2016/81/Vicetone
2016,Martin Jensen,82,/top100djs/2016/82/Martin-Jensen
2016,Jauz,83,/top100djs/2016/83/Jauz
2016,Carnage,84,/top100djs/2016/84/Carnage
2016,Netsky,85,/top100djs/2016/85/Netsky
2016,Carl Nunes,86,/top100djs/2016/86/Carl-Nunes
2016,Sam Feldt,87,/top100djs/2016/87/Sam-Feldt
2016,Miss K8,88,/top100djs/2016/88/Miss-K8
2016,Jay Hardway,89,/top100djs/2016/89/Jay-Hardway
2016,Porter Robinson,90,/top100djs/2016/90/Porter-Robinson
2016,Bobina,91,/top100djs/2016/91/Bobina
2016,Zatox,92,/top100djs/2016/92/Zatox
2016,Dyro,93,/top100djs/2016/93/Dyro
2016,Flume,94,/top100djs/2016/94/Flume
2016,Infected Mushroom,95,/top100djs/2016/95/Infected-Mushroom
2016,Showtek,96,/top100djs/2016/96/Showtek
2016,Daddy's Groove,97,/top100djs/2016/97/Daddys-Groove
2016,Martin Solveig,98,/top100djs/2016/98/Martin-Solveig
2016,Ferry Corsten,99,/top100djs/2016/99/Ferry-Corsten
2016,DJ Feel,100,/top100djs/2016/100/DJ-Feel
2017,Martin Garrix,1,/top100djs/2017/1/Martin-Garrix
2017,Dimitri Vegas & Like Mike,2,/top100djs/2017/2/Dimitri-Vegas--Like-Mike
2017,Armin Van Buuren,3,/top100djs/2017/3/Armin-Van-Buuren
2017,Hardwell,4,/top100djs/2017/4/Hardwell
2017,Tiësto,5,/top100djs/2017/5/Tiësto
2017,The Chainsmokers,6,/top100djs/2017/6/The-Chainsmokers
2017,David Guetta,7,/top100djs/2017/7/David-Guetta
2017,Afrojack,8,/top100djs/2017/8/Afrojack
2017,Steve Aoki,9,/top100djs/2017/9/Steve-Aoki
2017,Marshmello,10,/top100djs/2017/10/Marshmello
2017,Don Diablo,11,/top100djs/2017/11/Don-Diablo
2017,KSHMR,12,/top100djs/2017/12/KSHMR
2017,Oliver Heldens,13,/top100djs/2017/13/Oliver-Heldens
2017,W&W,14,/top100djs/2017/14/WW
2017,Calvin Harris,15,/top100djs/2017/15/Calvin-Harris
2017,Skrillex,16,/top100djs/2017/16/Skrillex
2017,Alan Walker,17,/top100djs/2017/17/Alan-Walker
2017,R3hab,18,/top100djs/2017/18/R3hab
2017,Alok,19,/top100djs/2017/19/Alok
2017,Dash Berlin,20,/top100djs/2017/20/Dash-Berlin
2017,Axwell /\ Ingrosso,21,/top100djs/2017/21/Axwell--\-Ingrosso
2017,DVBBS,22,/top100djs/2017/22/DVBBS
2017,DJ Snake,23,/top100djs/2017/23/DJ-Snake
2017,Kygo,24,/top100djs/2017/24/Kygo
2017,Diplo,25,/top100djs/2017/25/Diplo
2017,Lost Frequencies,26,/top100djs/2017/26/Lost-Frequencies
2017,Above & Beyond,27,/top100djs/2017/27/Above--Beyond
2017,Avicii,28,/top100djs/2017/28/Avicii
2017,Zedd,29,/top100djs/2017/29/Zedd
2017,Quintino,30,/top100djs/2017/30/Quintino
2017,Vintage Culture,31,/top100djs/2017/31/Vintage-Culture
2017,VINAI,32,/top100djs/2017/32/VINAI
2017,Headhunterz,33,/top100djs/2017/33/Headhunterz
2017,Eric Prydz,34,/top100djs/2017/34/Eric-Prydz
2017,Bassjackers,35,/top100djs/2017/35/Bassjackers
2017,Blasterjaxx,36,/top100djs/2017/36/Blasterjaxx
2017,Alesso,37,/top100djs/2017/37/Alesso
2017,Ummet Ozcan,38,/top100djs/2017/38/Ummet-Ozcan
2017,Fedde Le Grand,39,/top100djs/2017/39/Fedde-Le-Grand
2017,Angerfist,40,/top100djs/2017/40/Angerfist
2017,Wolfpack,41,/top100djs/2017/41/Wolfpack
2017,Nervo,42,/top100djs/2017/42/Nervo
2017,Timmy Trumpet,43,/top100djs/2017/43/Timmy-Trumpet
2017,Radical Redemption,44,/top100djs/2017/44/Radical-Redemption
2017,Major Lazer,45,/top100djs/2017/45/Major-Lazer
2017,Tujamo,46,/top100djs/2017/46/Tujamo
2017,Tom Swoon,47,/top100djs/2017/47/Tom-Swoon
2017,Kura,48,/top100djs/2017/48/Kura
2017,Deadmau5,49,/top100djs/2017/49/Deadmau5
2017,Nicky Romero,50,/top100djs/2017/50/Nicky-Romero
2017,Paul van Dyk,51,/top100djs/2017/51/Paul-van-Dyk
2017,Danny Avila,52,/top100djs/2017/52/Danny-Avila
2017,Aly & Fila,53,/top100djs/2017/53/Aly--Fila
2017,ATB,54,/top100djs/2017/54/ATB
2017,Yves V,55,/top100djs/2017/55/Yves-V
2017,Diego Miranda,56,/top100djs/2017/56/Diego-Miranda
2017,Yellow Claw,57,/top100djs/2017/57/Yellow-Claw
2017,Miss K8,58,/top100djs/2017/58/Miss-K8
2017,Brennan Heart,59,/top100djs/2017/59/Brennan-Heart
2017,Mike Williams,60,/top100djs/2017/60/Mike-Williams
2017,Dannic,61,/top100djs/2017/61/Dannic
2017,Carl Cox,62,/top100djs/2017/62/Carl-Cox
2017,Carl Nunes,63,/top100djs/2017/63/Carl-Nunes
2017,Lucas & Steve,64,/top100djs/2017/64/Lucas--Steve
2017,Warface,65,/top100djs/2017/65/Warface
2017,Galantis,66,/top100djs/2017/66/Galantis
2017,Da Tweekaz,67,/top100djs/2017/67/Da-Tweekaz
2017,Jay Hardway,68,/top100djs/2017/68/Jay-Hardway
2017,Claptone,69,/top100djs/2017/69/Claptone
2017,Martin Jensen,70,/top100djs/2017/70/Martin-Jensen
2017,Florian Picasso,71,/top100djs/2017/71/Florian-Picasso
2017,Vini Vici,72,/top100djs/2017/72/Vini-Vici
2017,Jauz,73,/top100djs/2017/73/Jauz
2017,Cat Dealers,74,/top100djs/2017/74/Cat-Dealers
2017,Sam Feldt,75,/top100djs/2017/75/Sam-Feldt
2017,Robin Schulz,76,/top100djs/2017/76/Robin-Schulz
2017,Andy C,77,/top100djs/2017/77/Andy-C
2017,Carnage,78,/top100djs/2017/78/Carnage
2017,Andrew Rayel,79,/top100djs/2017/79/Andrew-Rayel
2017,Richie Hawtin,80,/top100djs/2017/80/Richie-Hawtin
2017,Solomun,81,/top100djs/2017/81/Solomun
2017,Steve Angello,82,/top100djs/2017/82/Steve-Angello
2017,Will Sparks,83,/top100djs/2017/83/Will-Sparks
2017,Mariana Bo,84,/top100djs/2017/84/Mariana-Bo
2017,Black Coffee,85,/top100djs/2017/85/Black-Coffee
2017,Dillon Francis,86,/top100djs/2017/86/Dillon-Francis
2017,Flume,87,/top100djs/2017/87/Flume
2017,Shogun,88,/top100djs/2017/88/Shogun
2017,Alison Wonderland,89,/top100djs/2017/89/Alison-Wonderland
2017,Ferry Corsten,90,/top100djs/2017/90/Ferry-Corsten
2017,Maceo Plex,91,/top100djs/2017/91/Maceo-Plex
2017,Carta,92,/top100djs/2017/92/Carta
2017,MOSIMANN,93,/top100djs/2017/93/MOSIMANN
2017,Julian Jordan,94,/top100djs/2017/94/Julian-Jordan
2017,tchami,95,/top100djs/2017/95/tchami
2017,Porter Robinson,96,/top100djs/2017/96/Porter-Robinson
2017,Paul Kalkbrenner,97,/top100djs/2017/97/Paul-Kalkbrenner
2017,DJ L,98,/top100djs/2017/98/DJ-L
2017,Swanky Tunes,99,/top100djs/2017/99/Swanky-Tunes
2017,Disclosure,100,/top100djs/2017/100/Disclosure
2018,Martin Garrix,1,/top100djs/2018/1/Martin-Garrix
2018,Dimitri Vegas & Like Mike,2,/top100djs/2018/2/Dimitri-Vegas--Like-Mike
2018,Hardwell,3,/top100djs/2018/3/Hardwell
2018,Armin Van Buuren,4,/top100djs/2018/4/Armin-Van-Buuren
2018,David Guetta,5,/top100djs/2018/5/David-Guetta
2018,Tiësto,6,/top100djs/2018/6/Tiësto
2018,Don Diablo,7,/top100djs/2018/7/Don-Diablo
2018,Afrojack,8,/top100djs/2018/8/Afrojack
2018,Oliver Heldens,9,/top100djs/2018/9/Oliver-Heldens
2018,Marshmello,10,/top100djs/2018/10/Marshmello
2018,Steve Aoki,11,/top100djs/2018/11/Steve-Aoki
2018,R3hab,12,/top100djs/2018/12/R3hab
2018,Alok,13,/top100djs/2018/13/Alok
2018,W&W,14,/top100djs/2018/14/WW
2018,Avicii,15,/top100djs/2018/15/Avicii
2018,DVBBS,16,/top100djs/2018/16/DVBBS
2018,Lost Frequencies,17,/top100djs/2018/17/Lost-Frequencies
2018,KSHMR,18,/top100djs/2018/18/KSHMR
2018,Vintage Culture,19,/top100djs/2018/19/Vintage-Culture
2018,Eric Prydz,20,/top100djs/2018/20/Eric-Prydz
2018,Skrillex,21,/top100djs/2018/21/Skrillex
2018,Fedde Le Grand,22,/top100djs/2018/22/Fedde-Le-Grand
2018,Ummet Ozcan,23,/top100djs/2018/23/Ummet-Ozcan
2018,DJ Snake,24,/top100djs/2018/24/DJ-Snake
2018,Quintino,25,/top100djs/2018/25/Quintino
2018,VINAI,26,/top100djs/2018/26/VINAI
2018,Nervo,27,/top100djs/2018/27/Nervo
2018,Headhunterz,28,/top100djs/2018/28/Headhunterz
2018,Angerfist,29,/top100djs/2018/29/Angerfist
2018,Bassjackers,30,/top100djs/2018/30/Bassjackers
2018,The Chainsmokers,31,/top100djs/2018/31/The-Chainsmokers
2018,Kygo,32,/top100djs/2018/32/Kygo
2018,Timmy Trumpet,33,/top100djs/2018/33/Timmy-Trumpet
2018,Vini Vici,34,/top100djs/2018/34/Vini-Vici
2018,Wolfpack,35,/top100djs/2018/35/Wolfpack
2018,Alan Walker,36,/top100djs/2018/36/Alan-Walker
2018,Blasterjaxx,37,/top100djs/2018/37/Blasterjaxx
2018,Danny Avila,38,/top100djs/2018/38/Danny-Avila
2018,Kura,39,/top100djs/2018/39/Kura
2018,Calvin Harris,40,/top100djs/2018/40/Calvin-Harris
2018,Axwell /\ Ingrosso,41,/top100djs/2018/41/Axwell--\-Ingrosso
2018,Diplo,42,/top100djs/2018/42/Diplo
2018,Nicky Romero,43,/top100djs/2018/43/Nicky-Romero
2018,Zedd,44,/top100djs/2018/44/Zedd
2018,Alesso,45,/top100djs/2018/45/Alesso
2018,Tujamo,46,/top100djs/2018/46/Tujamo
2018,Yellow Claw,47,/top100djs/2018/47/Yellow-Claw
2018,Cat Dealers,48,/top100djs/2018/48/Cat-Dealers
2018,ATB,49,/top100djs/2018/49/ATB
2018,Diego Miranda,50,/top100djs/2018/50/Diego-Miranda
2018,Above & Beyond,51,/top100djs/2018/51/Above--Beyond
2018,Jeffrey Sutorius,52,/top100djs/2018/52/Jeffrey-Sutorius
2018,Carl Cox,53,/top100djs/2018/53/Carl-Cox
2018,Martin Jensen,54,/top100djs/2018/54/Martin-Jensen
2018,Paul van Dyk,55,/top100djs/2018/55/Paul-van-Dyk
2018,Will Sparks,56,/top100djs/2018/56/Will-Sparks
2018,Claptone,57,/top100djs/2018/57/Claptone
2018,Steve Angello,58,/top100djs/2018/58/Steve-Angello
2018,Deadmau5,59,/top100djs/2018/59/Deadmau5
2018,Robin Schulz,60,/top100djs/2018/60/Robin-Schulz
2018,Richie Hawtin,61,/top100djs/2018/61/Richie-Hawtin
2018,Florian Picasso,62,/top100djs/2018/62/Florian-Picasso
2018,Swedish House Mafia,63,/top100djs/2018/63/Swedish-House-Mafia
2018,Jay Hardway,64,/top100djs/2018/64/Jay-Hardway
2018,Miss K8,65,/top100djs/2018/65/Miss-K8
2018,Mike Williams,66,/top100djs/2018/66/Mike-Williams
2018,Andrew Rayel,67,/top100djs/2018/67/Andrew-Rayel
2018,Mariana Bo,68,/top100djs/2018/68/Mariana-Bo
2018,Radical Redemption,69,/top100djs/2018/69/Radical-Redemption
2018,Brennan Heart,70,/top100djs/2018/70/Brennan-Heart
2018,Swanky Tunes,71,/top100djs/2018/71/Swanky-Tunes
2018,MATTN,72,/top100djs/2018/72/MATTN
2018,Carta,73,/top100djs/2018/73/Carta
2018,Aly & Fila,74,/top100djs/2018/74/Aly--Fila
2018,Ferry Corsten,75,/top100djs/2018/75/Ferry-Corsten
2018,Da Tweekaz,76,/top100djs/2018/76/Da-Tweekaz
2018,Breathe Carolina,77,/top100djs/2018/77/Breathe-Carolina
2018,Deniz Koyu // KO:YU,78,/top100djs/2018/78/Deniz-Koyu----KO:YU
2018,Adam Beyer,79,/top100djs/2018/79/Adam-Beyer
2018,Daddy's Groove,80,/top100djs/2018/80/Daddys-Groove
2018,Mosimann,81,/top100djs/2018/81/Mosimann
2018,tchami,82,/top100djs/2018/82/tchami
2018,NGHTMRE,83,/top100djs/2018/83/NGHTMRE
2018,DJ L,84,/top100djs/2018/84/DJ-L
2018,Wildstylez,85,/top100djs/2018/85/Wildstylez
2018,Marco Carola,86,/top100djs/2018/86/Marco-Carola
2018,Cedric Gervais,87,/top100djs/2018/87/Cedric-Gervais
2018,MaRLo,88,/top100djs/2018/88/MaRLo
2018,Deorro,89,/top100djs/2018/89/Deorro
2018,Andy C,90,/top100djs/2018/90/Andy-C
2018,Solomun,91,/top100djs/2018/91/Solomun
2018,Lucas & Steve,92,/top100djs/2018/92/Lucas--Steve
2018,Markus Schulz,93,/top100djs/2018/93/Markus-Schulz
2018,Bobina,94,/top100djs/2018/94/Bobina
2018,Paul Kalkbrenner,95,/top100djs/2018/95/Paul-Kalkbrenner
2018,Alison Wonderland,96,/top100djs/2018/96/Alison-Wonderland
2018,Nina Kraviz,97,/top100djs/2018/97/Nina-Kraviz
2018,Rave Republic,98,/top100djs/2018/98/Rave-Republic
2018,Carl Nunes,99,/top100djs/2018/99/Carl-Nunes
2018,SLANDER,100,/top100djs/2018/100/SLANDER
2019,Dimitri Vegas & Like Mike,1,/top100djs/2019/1/Dimitri-Vegas--Like-Mike
2019,Martin Garrix,2,/top100djs/2019/2/Martin-Garrix
2019,David Guetta,3,/top100djs/2019/3/David-Guetta
2019,Armin Van Buuren,4,/top100djs/2019/4/Armin-Van-Buuren
2019,Marshmello,5,/top100djs/2019/5/Marshmello
2019,Don Diablo,6,/top100djs/2019/6/Don-Diablo
2019,Oliver Heldens,7,/top100djs/2019/7/Oliver-Heldens
2019,Tiësto,8,/top100djs/2019/8/Tiësto
2019,Afrojack,9,/top100djs/2019/9/Afrojack
2019,Steve Aoki,10,/top100djs/2019/10/Steve-Aoki
2019,Alok,11,/top100djs/2019/11/Alok
2019,Hardwell,12,/top100djs/2019/12/Hardwell
2019,Timmy Trumpet,13,/top100djs/2019/13/Timmy-Trumpet
2019,R3hab,14,/top100djs/2019/14/R3hab
2019,KSHMR,15,/top100djs/2019/15/KSHMR
2019,DJ Snake,16,/top100djs/2019/16/DJ-Snake
2019,Eric Prydz,17,/top100djs/2019/17/Eric-Prydz
2019,W & W,18,/top100djs/2019/18/W--W
2019,Calvin Harris,19,/top100djs/2019/19/Calvin-Harris
2019,Lost Frequencies,20,/top100djs/2019/20/Lost-Frequencies
2019,Skrillex,21,/top100djs/2019/21/Skrillex
2019,Above & Beyond,22,/top100djs/2019/22/Above--Beyond
2019,DVBBS,23,/top100djs/2019/23/DVBBS
2019,Nervo,24,/top100djs/2019/24/Nervo
2019,Quintino,25,/top100djs/2019/25/Quintino
2019,The Chainsmokers,26,/top100djs/2019/26/The-Chainsmokers
2019,Alan Walker,27,/top100djs/2019/27/Alan-Walker
2019,VINAI,28,/top100djs/2019/28/VINAI
2019,Headhunterz,29,/top100djs/2019/29/Headhunterz
2019,Fedde Le Grand,30,/top100djs/2019/30/Fedde-Le-Grand
2019,Vini Vici,31,/top100djs/2019/31/Vini-Vici
2019,Ummet Ozcan,32,/top100djs/2019/32/Ummet-Ozcan
2019,Angerfist,33,/top100djs/2019/33/Angerfist
2019,Bassjackers,34,/top100djs/2019/34/Bassjackers
2019,Carl Cox,35,/top100djs/2019/35/Carl-Cox
2019,Blasterjaxx,36,/top100djs/2019/36/Blasterjaxx
2019,Nicky Romero,37,/top100djs/2019/37/Nicky-Romero
2019,Wolfpack,38,/top100djs/2019/38/Wolfpack
2019,ATB,39,/top100djs/2019/39/ATB
2019,Kura,40,/top100djs/2019/40/Kura
2019,Danny Avila,41,/top100djs/2019/41/Danny-Avila
2019,Swedish House Mafia,42,/top100djs/2019/42/Swedish-House-Mafia
2019,Tujamo,43,/top100djs/2019/43/Tujamo
2019,Alison Wonderland,44,/top100djs/2019/44/Alison-Wonderland
2019,Martin Jensen,45,/top100djs/2019/45/Martin-Jensen
2019,Cat Dealers,46,/top100djs/2019/46/Cat-Dealers
2019,Vintage Culture,47,/top100djs/2019/47/Vintage-Culture
2019,Adam Beyer,48,/top100djs/2019/48/Adam-Beyer
2019,Mariana Bo,49,/top100djs/2019/49/Mariana-Bo
2019,Zedd,50,/top100djs/2019/50/Zedd
2019,MATTN,51,/top100djs/2019/51/MATTN
2019,Kygo,52,/top100djs/2019/52/Kygo
2019,Claptone,53,/top100djs/2019/53/Claptone
2019,Mike Williams,54,/top100djs/2019/54/Mike-Williams
2019,Diego Miranda,55,/top100djs/2019/55/Diego-Miranda
2019,Yves V,56,/top100djs/2019/56/Yves-V
2019,Will Sparks,57,/top100djs/2019/57/Will-Sparks
2019,Steve Angello,58,/top100djs/2019/58/Steve-Angello
2019,Ferry Corsten,59,/top100djs/2019/59/Ferry-Corsten
2019,Nina Kraviz,60,/top100djs/2019/60/Nina-Kraviz
2019,Alesso,61,/top100djs/2019/61/Alesso
2019,Breathe Carolina,62,/top100djs/2019/62/Breathe-Carolina
2019,FISHER,63,/top100djs/2019/63/FISHER
2019,Illenium,64,/top100djs/2019/64/Illenium
2019,Deorro,65,/top100djs/2019/65/Deorro
2019,Richie Hawtin,66,/top100djs/2019/66/Richie-Hawtin
2019,Diplo,67,/top100djs/2019/67/Diplo
2019,Da Tweekaz,68,/top100djs/2019/68/Da-Tweekaz
2019,Miss K8,69,/top100djs/2019/69/Miss-K8
2019,3 Are Legend,70,/top100djs/2019/70/3-Are-Legend
2019,Deadmau5,71,/top100djs/2019/71/Deadmau5
2019,Carta,72,/top100djs/2019/72/Carta
2019,Carl Nunes,73,/top100djs/2019/73/Carl-Nunes
2019,Charlotte de Witte,74,/top100djs/2019/74/Charlotte-de-Witte
2019,Warface,75,/top100djs/2019/75/Warface
2019,Cedric Gervais,76,/top100djs/2019/76/Cedric-Gervais
2019,Yellow Claw,77,/top100djs/2019/77/Yellow-Claw
2019,Lucas & Steve,78,/top100djs/2019/78/Lucas--Steve
2019,Andy C,79,/top100djs/2019/79/Andy-C
2019,Peggy Gou,80,/top100djs/2019/80/Peggy-Gou
2019,Deniz Koyu,81,/top100djs/2019/81/Deniz-Koyu
2019,Robin Schulz,82,/top100djs/2019/82/Robin-Schulz
2019,Vicetone,83,/top100djs/2019/83/Vicetone
2019,Tom & Collins,84,/top100djs/2019/84/Tom--Collins
2019,Boris Brejcha,85,/top100djs/2019/85/Boris-Brejcha
2019,Marco Carola,86,/top100djs/2019/86/Marco-Carola
2019,Paul van Dyk,87,/top100djs/2019/87/Paul-van-Dyk
2019,Solardo,88,/top100djs/2019/88/Solardo
2019,Thomas Gold,89,/top100djs/2019/89/Thomas-Gold
2019,Black Coffee,90,/top100djs/2019/90/Black-Coffee
2019,Paul Kalkbrenner,91,/top100djs/2019/91/Paul-Kalkbrenner
2019,Daddy's Groove,92,/top100djs/2019/92/Daddys-Groove
2019,Julian Jordan,93,/top100djs/2019/93/Julian-Jordan
2019,Rave Republic,94,/top100djs/2019/94/Rave-Republic
2019,Sub Zero Project,95,/top100djs/2019/95/Sub-Zero-Project
2019,D.O.D,96,/top100djs/2019/96/D.O.D
2019,Henri PFR,97,/top100djs/2019/97/Henri-PFR
2019,Florian Picasso,98,/top100djs/2019/98/Florian-Picasso
2019,Swanky Tunes,99,/top100djs/2019/99/Swanky-Tunes
2019,Solomun,100,/top100djs/2019/100/Solomun
2020,David Guetta,1,/top100djs/2020/1/David-Guetta
2020,Dimitri Vegas & Like Mike,2,/top100djs/2020/2/Dimitri-Vegas--Like-Mike
2020,Martin Garrix,3,/top100djs/2020/3/Martin-Garrix
2020,Armin Van Buuren,4,/top100djs/2020/4/Armin-Van-Buuren
2020,Alok,5,/top100djs/2020/5/Alok
2020,Don Diablo,6,/top100djs/2020/6/Don-Diablo
2020,Afrojack,7,/top100djs/2020/7/Afrojack
2020,Oliver Heldens,8,/top100djs/2020/8/Oliver-Heldens
2020,Steve Aoki,9,/top100djs/2020/9/Steve-Aoki
2020,Timmy Trumpet,10,/top100djs/2020/10/Timmy-Trumpet
2020,Marshmello,11,/top100djs/2020/11/Marshmello
2020,KSHMR,12,/top100djs/2020/12/KSHMR
2020,R3hab,13,/top100djs/2020/13/R3hab
2020,W&W,14,/top100djs/2020/14/WW
2020,Skrillex,15,/top100djs/2020/15/Skrillex
2020,Tiësto,16,/top100djs/2020/16/Tiësto
2020,Hardwell,17,/top100djs/2020/17/Hardwell
2020,Calvin Harris,18,/top100djs/2020/18/Calvin-Harris
2020,Above & Beyond,19,/top100djs/2020/19/Above--Beyond
2020,Nervo,20,/top100djs/2020/20/Nervo
2020,Lost Frequencies,21,/top100djs/2020/21/Lost-Frequencies
2020,Eric Prydz,22,/top100djs/2020/22/Eric-Prydz
2020,Fedde Le Grand,23,/top100djs/2020/23/Fedde-Le-Grand
2020,Vini Vici,24,/top100djs/2020/24/Vini-Vici
2020,DJ Snake,25,/top100djs/2020/25/DJ-Snake
2020,Alan Walker,26,/top100djs/2020/26/Alan-Walker
2020,The Chainsmokers,27,/top100djs/2020/27/The-Chainsmokers
2020,Kygo,28,/top100djs/2020/28/Kygo
2020,Bassjackers,29,/top100djs/2020/29/Bassjackers
2020,Vintage Culture,30,/top100djs/2020/30/Vintage-Culture
2020,Nicky Romero,31,/top100djs/2020/31/Nicky-Romero
2020,Charlotte de Witte,32,/top100djs/2020/32/Charlotte-de-Witte
2020,Quintino,33,/top100djs/2020/33/Quintino
2020,Carl Cox,34,/top100djs/2020/34/Carl-Cox
2020,Zedd,35,/top100djs/2020/35/Zedd
2020,Angerfist,36,/top100djs/2020/36/Angerfist
2020,Diplo,37,/top100djs/2020/37/Diplo
2020,Danny Avila,38,/top100djs/2020/38/Danny-Avila
2020,VINAI,39,/top100djs/2020/39/VINAI
2020,Tujamo,40,/top100djs/2020/40/Tujamo
2020,Claptone,41,/top100djs/2020/41/Claptone
2020,MATTN,42,/top100djs/2020/42/MATTN
2020,Illenium,43,/top100djs/2020/43/Illenium
2020,Mariana Bo,44,/top100djs/2020/44/Mariana-Bo
2020,Alesso,45,/top100djs/2020/45/Alesso
2020,Headhunterz,46,/top100djs/2020/46/Headhunterz
2020,Alison Wonderland,47,/top100djs/2020/47/Alison-Wonderland
2020,Adam Beyer,48,/top100djs/2020/48/Adam-Beyer
2020,Wolfpack,49,/top100djs/2020/49/Wolfpack
2020,Paul van Dyk,50,/top100djs/2020/50/Paul-van-Dyk
2020,Diego Miranda,51,/top100djs/2020/51/Diego-Miranda
2020,Cat Dealers,52,/top100djs/2020/52/Cat-Dealers
2020,Ferry Corsten,53,/top100djs/2020/53/Ferry-Corsten
2020,Miss K8,54,/top100djs/2020/54/Miss-K8
2020,DVBBS,55,/top100djs/2020/55/DVBBS
2020,ATB,56,/top100djs/2020/56/ATB
2020,REZZ,57,/top100djs/2020/57/REZZ
2020,Will Sparks,58,/top100djs/2020/58/Will-Sparks
2020,Amelie Lens,59,/top100djs/2020/59/Amelie-Lens
2020,Boris Brejcha,60,/top100djs/2020/60/Boris-Brejcha
2020,Carta,61,/top100djs/2020/61/Carta
2020,3 Are Legend,62,/top100djs/2020/62/3-Are-Legend
2020,Breathe Carolina,63,/top100djs/2020/63/Breathe-Carolina
2020,Deadmau5,64,/top100djs/2020/64/Deadmau5
2020,Ummet Ozcan,65,/top100djs/2020/65/Ummet-Ozcan
2020,Nina Kraviz,66,/top100djs/2020/66/Nina-Kraviz
2020,Yellow Claw,67,/top100djs/2020/67/Yellow-Claw
2020,Jamie Jones,68,/top100djs/2020/68/Jamie-Jones
2020,Peggy Gou,69,/top100djs/2020/69/Peggy-Gou
2020,Blasterjaxx,70,/top100djs/2020/70/Blasterjaxx
2020,Julian Jordan,71,/top100djs/2020/71/Julian-Jordan
2020,Deniz Koyu,72,/top100djs/2020/72/Deniz-Koyu
2020,Nora En Pure,73,/top100djs/2020/73/Nora-En-Pure
2020,Kura,74,/top100djs/2020/74/Kura
2020,Florian Picasso,75,/top100djs/2020/75/Florian-Picasso
2020,TBC - marek,76,/top100djs/2020/76/TBC---marek
2020,Tom & Collins,77,/top100djs/2020/77/Tom--Collins
2020,Brennan Heart,78,/top100djs/2020/78/Brennan-Heart
2020,Mr Pig,79,/top100djs/2020/79/Mr-Pig
2020,Radical Redemption,80,/top100djs/2020/80/Radical-Redemption
2020,Rave Republic,81,/top100djs/2020/81/Rave-Republic
2020,Pink Panda,82,/top100djs/2020/82/Pink-Panda
2020,D.O.D,83,/top100djs/2020/83/D.O.D
2020,Swedish House Mafia,84,/top100djs/2020/84/Swedish-House-Mafia
2020,Plastik Funk,85,/top100djs/2020/85/Plastik-Funk
2020,Green Velvet,86,/top100djs/2020/86/Green-Velvet
2020,Sunnery James & Ryan Marciano,87,/top100djs/2020/87/Sunnery-James--Ryan-Marciano
2020,Aryue,88,/top100djs/2020/88/Aryue
2020,Burak Yeter,89,/top100djs/2020/89/Burak-Yeter
2020,Mike Williams,90,/top100djs/2020/90/Mike-Williams
2020,Black Coffee,91,/top100djs/2020/91/Black-Coffee
2020,Tungevaag,92,/top100djs/2020/92/Tungevaag
2020,Deborah De Luca,93,/top100djs/2020/93/Deborah-De-Luca
2020,Mike Perry,94,/top100djs/2020/94/Mike-Perry
2020,ANNA,95,/top100djs/2020/95/ANNA
2020,Dimitri Vangelis & Wyman,96,/top100djs/2020/96/Dimitri-Vangelis--Wyman
2020,Blastoyz,97,/top100djs/2020/97/Blastoyz
2020,22Bullets,98,/top100djs/2020/98/22Bullets
2020,Robin Schulz,99,/top100djs/2020/99/Robin-Schulz
2020,Marco Carola,100,/top100djs/2020/100/Marco-Carola
2021,David Guetta,1,/top100djs/2021/1/David-Guetta
2021,Martin Garrix,2,/top100djs/2021/2/Martin-Garrix
2021,Armin Van Buuren,3,/top100djs/2021/3/Armin-Van-Buuren
2021,Alok,4,/top100djs/2021/4/Alok
2021,Dimitri Vegas & Like Mike,5,/top100djs/2021/5/Dimitri-Vegas--Like-Mike
2021,Afrojack,6,/top100djs/2021/6/Afrojack
2021,Don Diablo,7,/top100djs/2021/7/Don-Diablo
2021,Oliver Heldens,8,/top100djs/2021/8/Oliver-Heldens
2021,Timmy Trumpet,9,/top100djs/2021/9/Timmy-Trumpet
2021,Steve Aoki,10,/top100djs/2021/10/Steve-Aoki
2021,KSHMR,11,/top100djs/2021/11/KSHMR
2021,R3hab,12,/top100djs/2021/12/R3hab
2021,Marshmello,13,/top100djs/2021/13/Marshmello
2021,W&W,14,/top100djs/2021/14/WW
2021,Tiësto,15,/top100djs/2021/15/Tiësto
2021,Calvin Harris,16,/top100djs/2021/16/Calvin-Harris
2021,Vintage Culture,17,/top100djs/2021/17/Vintage-Culture
2021,Nervo,18,/top100djs/2021/18/Nervo
2021,Fedde Le Grand,19,/top100djs/2021/19/Fedde-Le-Grand
2021,Vini Vici,20,/top100djs/2021/20/Vini-Vici
2021,Above & Beyond,21,/top100djs/2021/21/Above--Beyond
2021,Alan Walker,22,/top100djs/2021/22/Alan-Walker
2021,Charlotte de Witte,23,/top100djs/2021/23/Charlotte-de-Witte
2021,Skrillex,24,/top100djs/2021/24/Skrillex
2021,Lost Frequencies,25,/top100djs/2021/25/Lost-Frequencies
2021,Nicky Romero,26,/top100djs/2021/26/Nicky-Romero
2021,Carl Cox,27,/top100djs/2021/27/Carl-Cox
2021,Bassjackers,28,/top100djs/2021/28/Bassjackers
2021,The Chainsmokers,29,/top100djs/2021/29/The-Chainsmokers
2021,Quintino,30,/top100djs/2021/30/Quintino
2021,Eric Prydz,31,/top100djs/2021/31/Eric-Prydz
2021,Claptone,32,/top100djs/2021/32/Claptone
2021,DJ Snake,33,/top100djs/2021/33/DJ-Snake
2021,Danny Avila,34,/top100djs/2021/34/Danny-Avila
2021,ATB,35,/top100djs/2021/35/ATB
2021,Tujamo,36,/top100djs/2021/36/Tujamo
2021,GORDO,37,/top100djs/2021/37/GORDO
2021,Peggy Gou,38,/top100djs/2021/38/Peggy-Gou
2021,MORTEN,39,/top100djs/2021/39/MORTEN
2021,Mariana Bo,40,/top100djs/2021/40/Mariana-Bo
2021,Paul van Dyk,41,/top100djs/2021/41/Paul-van-Dyk
2021,Boris Brejcha,42,/top100djs/2021/42/Boris-Brejcha
2021,Ummet Ozcan,43,/top100djs/2021/43/Ummet-Ozcan
2021,Amelie Lens,44,/top100djs/2021/44/Amelie-Lens
2021,REZZ,45,/top100djs/2021/45/REZZ
2021,Angerfist,46,/top100djs/2021/46/Angerfist
2021,Diego Miranda,47,/top100djs/2021/47/Diego-Miranda
2021,Kygo,48,/top100djs/2021/48/Kygo
2021,Alison Wonderland,49,/top100djs/2021/49/Alison-Wonderland
2021,Jamie Jones,50,/top100djs/2021/50/Jamie-Jones
2021,VINAI,51,/top100djs/2021/51/VINAI
2021,Deadmau5,52,/top100djs/2021/52/Deadmau5
2021,Miss K8,53,/top100djs/2021/53/Miss-K8
2021,Nina Kraviz,54,/top100djs/2021/54/Nina-Kraviz
2021,Beauz,55,/top100djs/2021/55/Beauz
2021,Will Sparks,56,/top100djs/2021/56/Will-Sparks
2021,Ferry Corsten,57,/top100djs/2021/57/Ferry-Corsten
2021,Adam Beyer,58,/top100djs/2021/58/Adam-Beyer
2021,Nora En Pure,59,/top100djs/2021/59/Nora-En-Pure
2021,Carta,60,/top100djs/2021/60/Carta
2021,Blasterjaxx,61,/top100djs/2021/61/Blasterjaxx
2021,Breathe Carolina,62,/top100djs/2021/62/Breathe-Carolina
2021,Alesso,63,/top100djs/2021/63/Alesso
2021,Zedd,64,/top100djs/2021/64/Zedd
2021,Pink Panda,65,/top100djs/2021/65/Pink-Panda
2021,Julian Jordan,66,/top100djs/2021/66/Julian-Jordan
2021,MATTN,67,/top100djs/2021/67/MATTN
2021,Black Coffee,68,/top100djs/2021/68/Black-Coffee
2021,Panta Q,69,/top100djs/2021/69/Panta-Q
2021,Mike Williams,70,/top100djs/2021/70/Mike-Williams
2021,Deniz Koyu,71,/top100djs/2021/71/Deniz-Koyu
2021,Naeleck,72,/top100djs/2021/72/Naeleck
2021,Brennan Heart,73,/top100djs/2021/73/Brennan-Heart
2021,Kura,74,/top100djs/2021/74/Kura
2021,Tom & Collins,75,/top100djs/2021/75/Tom--Collins
2021,Mr Pig,76,/top100djs/2021/76/Mr-Pig
2021,FISHER,77,/top100djs/2021/77/FISHER
2021,Virtual Riot,78,/top100djs/2021/78/Virtual-Riot
2021,D.O.D,79,/top100djs/2021/79/D.O.D
2021,Plastik Funk,80,/top100djs/2021/80/Plastik-Funk
2021,Green Velvet,81,/top100djs/2021/81/Green-Velvet
2021,Burak Yeter,82,/top100djs/2021/82/Burak-Yeter
2021,KAAZE,83,/top100djs/2021/83/KAAZE
2021,Aryue,84,/top100djs/2021/84/Aryue
2021,Cat Dealers,85,/top100djs/2021/85/Cat-Dealers
2021,Rave Republic,86,/top100djs/2021/86/Rave-Republic
2021,Sunnery James & Ryan Marciano,87,/top100djs/2021/87/Sunnery-James--Ryan-Marciano
2021,MaRLo,88,/top100djs/2021/88/MaRLo
2021,Tungevaag,89,/top100djs/2021/89/Tungevaag
2021,Giftback,90,/top100djs/2021/90/Giftback
2021,Christina Novelli,91,/top100djs/2021/91/Christina-Novelli
2021,22Bullets,92,/top100djs/2021/92/22Bullets
2021,KAKA,93,/top100djs/2021/93/KAKA
2021,Blastoyz,94,/top100djs/2021/94/Blastoyz
2021,Florian Picasso,95,/top100djs/2021/95/Florian-Picasso
2021,Luminn,96,/top100djs/2021/96/Luminn
2021,Alexso,97,/top100djs/2021/97/Alexso
2021,Daddy’s Groove,98,/top100djs/2021/98/Daddy’s-Groove
2021,Dexter King,99,/top100djs/2021/99/Dexter-King
2021,VIZE,100,/top100djs/2021/100/VIZE
2022,Martin Garrix,1,/top100djs/2022/1/Martin-Garrix
2022,David Guetta,2,/top100djs/2022/2/David-Guetta
2022,Dimitri Vegas & Like Mike,3,/top100djs/2022/3/Dimitri-Vegas--Like-Mike
2022,Alok,4,/top100djs/2022/4/Alok
2022,Armin Van Buuren,5,/top100djs/2022/5/Armin-Van-Buuren
2022,Afrojack,6,/top100djs/2022/6/Afrojack
2022,Steve Aoki,7,/top100djs/2022/7/Steve-Aoki
2022,Timmy Trumpet,8,/top100djs/2022/8/Timmy-Trumpet
2022,Don Diablo,9,/top100djs/2022/9/Don-Diablo
2022,Oliver Heldens,10,/top100djs/2022/10/Oliver-Heldens
2022,Vintage Culture,11,/top100djs/2022/11/Vintage-Culture
2022,KSHMR,12,/top100djs/2022/12/KSHMR
2022,R3hab,13,/top100djs/2022/13/R3hab
2022,Charlotte de Witte,14,/top100djs/2022/14/Charlotte-de-Witte
2022,Tiësto,15,/top100djs/2022/15/Tiësto
2022,Calvin Harris,16,/top100djs/2022/16/Calvin-Harris
2022,Alan Walker,17,/top100djs/2022/17/Alan-Walker
2022,W&W,18,/top100djs/2022/18/WW
2022,Fedde Le Grand,19,/top100djs/2022/19/Fedde-Le-Grand
2022,Nicky Romero,20,/top100djs/2022/20/Nicky-Romero
2022,Vini Vici,21,/top100djs/2022/21/Vini-Vici
2022,Carl Cox,22,/top100djs/2022/22/Carl-Cox
2022,Skrillex,23,/top100djs/2022/23/Skrillex
2022,Peggy Gou,24,/top100djs/2022/24/Peggy-Gou
2022,GORDO,25,/top100djs/2022/25/GORDO
2022,Marshmello,26,/top100djs/2022/26/Marshmello
2022,Bassjackers,27,/top100djs/2022/27/Bassjackers
2022,Lost Frequencies,28,/top100djs/2022/28/Lost-Frequencies
2022,Eric Prydz,29,/top100djs/2022/29/Eric-Prydz
2022,Above & Beyond,30,/top100djs/2022/30/Above--Beyond
2022,Claptone,31,/top100djs/2022/31/Claptone
2022,Jamie Jones,32,/top100djs/2022/32/Jamie-Jones
2022,Quintino,33,/top100djs/2022/33/Quintino
2022,Mariana Bo,34,/top100djs/2022/34/Mariana-Bo
2022,Tujamo,35,/top100djs/2022/35/Tujamo
2022,Danny Avila,36,/top100djs/2022/36/Danny-Avila
2022,Amelie Lens,37,/top100djs/2022/37/Amelie-Lens
2022,Paul van Dyk,38,/top100djs/2022/38/Paul-van-Dyk
2022,Black Coffee,39,/top100djs/2022/39/Black-Coffee
2022,Nervo,40,/top100djs/2022/40/Nervo
2022,Ummet Ozcan,41,/top100djs/2022/41/Ummet-Ozcan
2022,ATB,42,/top100djs/2022/42/ATB
2022,Hardwell,43,/top100djs/2022/43/Hardwell
2022,DJ Snake,44,/top100djs/2022/44/DJ-Snake
2022,VINAI,45,/top100djs/2022/45/VINAI
2022,The Chainsmokers,46,/top100djs/2022/46/The-Chainsmokers
2022,Alison Wonderland,47,/top100djs/2022/47/Alison-Wonderland
2022,FISHER,48,/top100djs/2022/48/FISHER
2022,Reinier Zonneveld,49,/top100djs/2022/49/Reinier-Zonneveld
2022,Deborah De Luca,50,/top100djs/2022/50/Deborah-De-Luca
2022,Adam Beyer,51,/top100djs/2022/51/Adam-Beyer
2022,Blasterjaxx,52,/top100djs/2022/52/Blasterjaxx
2022,Beauz,53,/top100djs/2022/53/Beauz
2022,Diego Miranda,54,/top100djs/2022/54/Diego-Miranda
2022,REZZ,55,/top100djs/2022/55/REZZ
2022,MORTEN,56,/top100djs/2022/56/MORTEN
2022,Nora En Pure,57,/top100djs/2022/57/Nora-En-Pure
2022,Zedd,58,/top100djs/2022/58/Zedd
2022,Carta,59,/top100djs/2022/59/Carta
2022,Julian Jordan,60,/top100djs/2022/60/Julian-Jordan
2022,Boris Brejcha,61,/top100djs/2022/61/Boris-Brejcha
2022,Will Sparks,62,/top100djs/2022/62/Will-Sparks
2022,Angerfist,63,/top100djs/2022/63/Angerfist
2022,Alesso,64,/top100djs/2022/64/Alesso
2022,Deadmau5,65,/top100djs/2022/65/Deadmau5
2022,Cat Dealers,66,/top100djs/2022/66/Cat-Dealers
2022,Joel Corry,67,/top100djs/2022/67/Joel-Corry
2022,Brennan Heart,68,/top100djs/2022/68/Brennan-Heart
2022,Topic,69,/top100djs/2022/69/Topic
2022,KAAZE,70,/top100djs/2022/70/KAAZE
2022,Tom & Collins,71,/top100djs/2022/71/Tom--Collins
2022,Plastik Funk,72,/top100djs/2022/72/Plastik-Funk
2022,Kura,73,/top100djs/2022/73/Kura
2022,Naeleck,74,/top100djs/2022/74/Naeleck
2022,Pink Panda,75,/top100djs/2022/75/Pink-Panda
2022,Burak Yeter,76,/top100djs/2022/76/Burak-Yeter
2022,Swedish House Mafia,77,/top100djs/2022/77/Swedish-House-Mafia
2022,MATTN,78,/top100djs/2022/78/MATTN
2022,Breathe Carolina,79,/top100djs/2022/79/Breathe-Carolina
2022,Ofenbach,80,/top100djs/2022/80/Ofenbach
2022,Tungevaag,81,/top100djs/2022/81/Tungevaag
2022,Green Velvet,82,/top100djs/2022/82/Green-Velvet
2022,22Bullets,83,/top100djs/2022/83/22Bullets
2022,Lucas & Steve,84,/top100djs/2022/84/Lucas--Steve
2022,Mr Pig,85,/top100djs/2022/85/Mr-Pig
2022,Aryue,86,/top100djs/2022/86/Aryue
2022,Ferry Corsten,87,/top100djs/2022/87/Ferry-Corsten
2022,Solomun,88,/top100djs/2022/88/Solomun
2022,Miss K8,89,/top100djs/2022/89/Miss-K8
2022,Honey Dijon,90,/top100djs/2022/90/Honey-Dijon
2022,Acraze,91,/top100djs/2022/91/Acraze
2022,Le Twins,92,/top100djs/2022/92/Le-Twins
2022,Dubdogz,93,/top100djs/2022/93/Dubdogz
2022,Rave Republic,94,/top100djs/2022/94/Rave-Republic
2022,KAKA,95,/top100djs/2022/95/KAKA
2022,Sunnery James & Ryan Marciano,96,/top100djs/2022/96/Sunnery-James--Ryan-Marciano
2022,Maya Jane Coles,97,/top100djs/2022/97/Maya-Jane-Coles
2022,Jay Hardway,98,/top100djs/2022/98/Jay-Hardway
2022,Cuebrick,99,/top100djs/2022/99/Cuebrick
2022,The Martinez Brothers,100,/top100djs/2022/100/The-Martinez-Brothers
